"","Transect_ID","Burn_Season","Fecundity","Inflorescence_Number","Canopy_Cover","Basal_Area"
"1","June_1","Early wet",1,1,"Closed",5.65486677646163
"2","June_1","Early wet",0,0,"Closed",1.34303085940964
"3","June_1","Early wet",0,0,"Closed",0.219911485751285
"4","June_1","Early wet",1,2,"Closed",0.604756585816035
"5","June_1","Early wet",1,4,"Closed",3.32223423117121
"6","June_1","Early wet",1,2,"Closed",1.26449104306989
"7","June_1","Early wet",1,5,"Closed",8.27024266057513
"8","June_1","Early wet",1,3,"Closed",1.27234502470387
"9","June_1","Early wet",1,3,"Closed",5.89048622548086
"10","June_1","Early wet",1,3,"Closed",20.4203522483337
"11","June_1","Early wet",1,4,"Closed",12.4956847796534
"12","June_1","Early wet",0,0,"Closed",1.09955742875643
"13","June_1","Early wet",1,1,"Closed",1.88495559215388
"14","June_1","Early wet",1,2,"Closed",2.26980069221863
"15","June_1","Early wet",1,5,"Closed",1.41371669411541
"16","June_1","Early wet",0,0,"Closed",0.471238898038469
"17","June_1","Early wet",0,0,"Closed",0.15707963267949
"18","June_1","Early wet",1,2,"Closed",15.5508836352695
"19","June_1","Early wet",1,5,"Closed",32.5233379462883
"20","June_1","Early wet",1,3,"Closed",63.9078485556504
"21","June_1","Early wet",1,12,"Closed",34.1334041812531
"22","June_1","Early wet",0,0,"Closed",0.376991118430775
"23","June_1","Early wet",1,5,"Closed",19.9334053870272
"24","June_1","Early wet",1,5,"Closed",42.8827397215007
"25","June_1","Early wet",1,14,"Closed",98.9601685880785
"26","June_1","Early wet",1,14,"Closed",449.561908728699
"27","June_1","Early wet",1,20,"Closed",26.7349534820491
"28","June_1","Early wet",1,13,"Closed",31.9657052502761
"29","June_1","Early wet",1,82,"Closed",205.837150663203
"30","June_1","Early wet",0,0,"Closed",139.109722700956
"31","June_1","Early wet",1,42,"Closed",253.212367879337
"32","June_2","Early wet",1,9,"Closed",10.1787601976309
"33","June_2","Early wet",1,2,"Closed",0.714712328691678
"34","June_2","Early wet",1,2,"Closed",0.424115008234622
"35","June_2","Early wet",1,8,"Closed",19.9805292768311
"36","June_2","Early wet",1,2,"Closed",33.4579617607313
"37","June_2","Early wet",1,11,"Closed",167.94954326091
"38","June_2","Early wet",0,0,"Closed",12.5349546878233
"39","June_2","Early wet",0,0,"Closed",58.4493313200381
"40","June_2","Early wet",1,2,"Closed",48.7339560388117
"41","June_2","Early wet",1,2,"Closed",10.7128309487412
"42","June_2","Early wet",0,0,"Closed",9.33838416279566
"43","June_2","Early wet",0,0,"Closed",7.85398163397448
"44","June_2","Early wet",0,0,"Closed",3.47145988221672
"45","June_2","Early wet",1,4,"Closed",23.4755511039497
"46","June_2","Early wet",0,0,"Closed",0.251327412287183
"47","June_2","Early wet",1,3,"Closed",1.26449104306989
"48","June_2","Early wet",1,1,"Closed",0.989601685880785
"49","June_2","Early wet",1,1,"Closed",14.7340695453361
"50","June_2","Early wet",1,2,"Closed",71.9110558406704
"51","June_2","Early wet",0,0,"Closed",1.97920337176157
"52","June_2","Early wet",1,4,"Closed",6.36172512351933
"53","June_2","Early wet",1,2,"Closed",0.329867228626928
"54","June_2","Early wet",0,0,"Closed",0.0471238898038469
"55","June_2","Early wet",0,0,"Closed",0.188495559215388
"56","June_2","Early wet",1,1,"Closed",1.20951317163207
"57","June_2","Early wet",1,1,"Closed",1.42942465738336
"58","June_2","Early wet",1,15,"Closed",20.7345115136926
"59","June_2","Early wet",1,1,"Closed",0.235619449019234
"60","June_2","Early wet",0,0,"Closed",10.0530964914873
"61","June_2","Early wet",0,0,"Closed",0.0942477796076938
"62","June_2","Early wet",0,0,"Closed",0.196349540849362
"63","June_2","Early wet",0,0,"Closed",0.125663706143592
"64","June_2","Early wet",0,0,"Closed",36.945129606216
"65","June_2","Early wet",0,0,"Closed",9.34623814442963
"66","June_2","Early wet",0,0,"Closed",3.51858377202057
"67","June_2","Early wet",0,0,"Closed",19.1637151868977
"68","June_2","Early wet",0,0,"Closed",0.628318530717959
"69","June_2","Early wet",0,0,"Closed",0.15707963267949
"70","June_2","Early wet",0,0,"Closed",0.125663706143592
"71","June_3","Early wet",0,0,"Open",1.41371669411541
"72","June_3","Early wet",0,0,"Open",1.29590696960579
"73","June_3","Early wet",0,0,"Open",2.08915911463721
"74","June_3","Early wet",0,0,"Open",0.895353906273091
"75","June_3","Early wet",0,0,"Open",1.03672557568463
"76","June_3","Early wet",1,4,"Open",144.662487716176
"77","June_3","Early wet",0,0,"Open",6.8643799480937
"78","June_3","Early wet",0,0,"Open",0.824668071567321
"79","June_3","Early wet",1,5,"Open",13.7601758227233
"80","June_3","Early wet",0,0,"Open",0.659734457253856
"81","June_3","Early wet",0,0,"Open",0.117809724509617
"82","June_3","Early wet",0,0,"Open",1.22522113490002
"83","June_3","Early wet",0,0,"Open",0.628318530717959
"84","June_3","Early wet",0,0,"Open",0.863937979737193
"85","June_3","Early wet",0,0,"Open",1.12311937365835
"86","June_3","Early wet",0,0,"Open",234.951860580347
"87","June_3","Early wet",0,0,"Open",0.659734457253856
"88","June_3","Early wet",0,0,"Open",0.117809724509617
"89","June_3","Early wet",1,9,"Open",76.1364979597486
"90","June_3","Early wet",0,0,"Open",2.82743338823081
"91","June_3","Early wet",1,2,"Open",35.68849254478
"92","June_3","Early wet",1,2,"Open",18.9673656460484
"93","June_3","Early wet",1,3,"Open",64.6853927374138
"94","June_3","Early wet",1,3,"Open",24.9913695593068
"95","June_3","Early wet",0,0,"Open",2.7096236637212
"96","June_3","Early wet",0,0,"Open",5.34070751110265
"97","June_3","Early wet",0,0,"Open",9.33838416279566
"98","June_3","Early wet",0,0,"Open",0.549778714378214
"99","June_3","Early wet",0,0,"Open",38.4138241717692
"100","June_3","Early wet",0,0,"Open",0.172787595947439
"101","June_3","Early wet",1,7,"Open",55.9596191420682
"102","June_3","Early wet",0,0,"Open",18.0720117397753
"103","June_3","Early wet",0,0,"Open",6.81725605828985
"104","June_3","Early wet",0,0,"Open",1.12311937365835
"105","June_3","Early wet",0,0,"Open",1.70431401457246
"106","June_3","Early wet",0,0,"Open",3.76991118430775
"107","June_3","Early wet",0,0,"Open",2.93738913110646
"108","June_3","Early wet",0,0,"Open",0.125663706143592
"109","June_3","Early wet",0,0,"Open",4.72809694365264
"110","June_3","Early wet",0,0,"Open",7.41415866247191
"111","June_3","Early wet",0,0,"Open",4.27256600888212
"112","June_3","Early wet",0,0,"Open",1.76714586764426
"113","June_3","Early wet",0,0,"Open",6.33030919698343
"114","June_3","Early wet",1,14,"Open",65.5336227538831
"115","June_3","Early wet",0,0,"Open",0.777544181763474
"116","June_3","Early wet",1,7,"Open",111.094570212569
"117","June_3","Early wet",1,3,"Open",48.0663675999238
"118","June_3","Early wet",1,2,"Open",14.8440252882118
"119","June_3","Early wet",0,0,"Open",9.67610537305656
"120","June_3","Early wet",0,0,"Open",0.259181393921158
"121","June_3","Early wet",0,0,"Open",23.6247767549952
"122","June_3","Early wet",0,0,"Open",0.431968989868597
"123","June_3","Early wet",0,0,"Open",0.400553063332699
"124","June_3","Early wet",0,0,"Open",0.0628318530717959
"125","June_3","Early wet",1,7,"Open",31.6672539481851
"126","June_3","Early wet",1,3,"Open",9.07134878724053
"127","June_3","Early wet",0,0,"Open",0.274889357189107
"128","June_3","Early wet",0,0,"Open",0.117809724509617
"129","June_3","Early wet",0,0,"Open",0.942477796076938
"130","June_3","Early wet",0,0,"Open",0.706858347057703
"131","June_3","Early wet",1,1,"Open",0.549778714378214
"132","June_3","Early wet",0,0,"Open",0.125663706143592
"133","June_3","Early wet",0,0,"Open",0.471238898038469
"134","June_3","Early wet",1,27,"Open",132.535940073319
"135","June_3","Early wet",1,22,"Open",44.9561908728699
"136","June_3","Early wet",1,115,"Open",634.318972686315
"137","June_3","Early wet",1,50,"Open",154.299323181063
"138","June_3","Early wet",1,56,"Open",157.158172495829
"139","June_3","Early wet",1,34,"Open",209.92122111287
"140","June_3","Early wet",1,54,"Open",220.25706094318
"141","June_3","Early wet",1,5,"Open",54.8522077316778
"142","June_3","Early wet",1,5,"Open",7.77544181763474
"143","June_3","Early wet",1,7,"Open",76.4035333353038
"144","June_3","Early wet",1,11,"Open",166.535826566795
"145","June_3","Early wet",1,38,"Open",62.6197955676786
"146","June_3","Early wet",1,29,"Open",77.7387102130794
"147","June_3","Early wet",1,57,"Open",388.803506808273
"148","June_3","Early wet",0,0,"Open",4.17831822927442
"149","June_3","Early wet",1,38,"Open",283.732940508962
"150","June_3","Early wet",0,0,"Open",44.6106156809751
"151","June_3","Early wet",1,2,"Open",48.7261020571777
"152","June_3","Early wet",1,1,"Open",0.863937979737193
"153","June_3","Early wet",1,3,"Open",11.1605079018777
"154","June_3","Early wet",1,1,"Open",0.439822971502571
"155","June_3","Early wet",1,6,"Open",4.09977841293468
"156","June_3","Early wet",0,0,"Open",0.376991118430775
"157","June_3","Early wet",1,2,"Open",1.31946891450771
"158","June_3","Early wet",1,14,"Open",64.936720149701
"159","June_3","Early wet",1,4,"Open",1.73572994110836
"160","June_3","Early wet",1,3,"Open",10.3908177017482
"161","June_3","Early wet",0,0,"Open",2.55254403104171
"162","June_3","Early wet",1,3,"Open",1.62577419823272
"163","June_3","Early wet",0,0,"Open",0.824668071567321
"164","June_3","Early wet",1,7,"Open",8.48230016469244
"165","June_3","Early wet",1,4,"Open",3.18871654339364
"166","June_3","Early wet",0,0,"Open",0.565486677646163
"167","June_3","Early wet",0,0,"Open",0.329867228626928
"168","June_3","Early wet",1,1,"Open",1.06028752058656
"169","June_3","Early wet",0,0,"Open",0.918915851175015
"170","June_3","Early wet",1,5,"Open",1.97920337176157
"171","June_3","Early wet",1,14,"Open",77.5973385436679
"172","June_3","Early wet",0,0,"Open",0.863937979737193
"173","June_3","Early wet",1,1,"Open",0.918915851175015
"174","June_3","Early wet",0,0,"Open",2.47400421470196
"175","June_3","Early wet",0,0,"Open",8.24668071567321
"176","June_3","Early wet",1,5,"Open",37.1100632205294
"177","June_3","Early wet",1,13,"Open",48.7575179837136
"178","June_3","Early wet",1,3,"Open",0.785398163397448
"179","June_3","Early wet",0,0,"Open",2.96880505764235
"180","June_3","Early wet",1,46,"Open",306.305283725005
"181","June_3","Early wet",1,3,"Open",5.46637121724624
"182","June_3","Early wet",0,0,"Open",0.219911485751285
"183","June_3","Early wet",1,41,"Open",146.39036367565
"184","June_3","Early wet",0,0,"Open",0.494800842940392
"185","June_3","Early wet",1,1,"Open",1.60221225333079
"186","June_3","Early wet",0,0,"Open",0.204203522483337
"187","June_3","Early wet",1,3,"Open",4.62599518241097
"188","June_3","Early wet",0,0,"Open",0.235619449019234
"189","June_3","Early wet",0,0,"Open",0.628318530717959
"190","June_3","Early wet",1,1,"Open",3.77776516594173
"191","June_3","Early wet",0,0,"Open",0.75398223686155
"192","June_3","Early wet",0,0,"Open",0.75398223686155
"193","June_3","Early wet",1,63,"Open",262.519336115597
"194","June_3","Early wet",0,0,"Open",0.15707963267949
"195","June_3","Early wet",0,0,"Open",0.75398223686155
"196","June_3","Early wet",0,0,"Open",1.2016591899981
"197","June_3","Early wet",0,0,"Open",0.942477796076938
"198","June_3","Early wet",0,0,"Open",4.00553063332699
"199","June_3","Early wet",0,0,"Open",1.29590696960579
"200","June_3","Early wet",1,28,"Open",204.831841014055
"201","June_3","Early wet",0,0,"Open",0.329867228626928
"202","June_3","Early wet",0,0,"Open",0.196349540849362
"203","June_3","Early wet",0,0,"Open",2.47400421470196
"204","June_3","Early wet",1,17,"Open",174.240582549724
"205","June_3","Early wet",1,1,"Open",0.439822971502571
"206","June_3","Early wet",1,1,"Open",0.863937979737193
"207","June_3","Early wet",0,0,"Open",2.13628300444106
"208","June_3","Early wet",1,1,"Open",0.439822971502571
"209","June_3","Early wet",1,2,"Open",3.14159265358979
"210","June_3","Early wet",1,2,"Open",0.604756585816035
"211","June_3","Early wet",1,2,"Open",0.942477796076938
"212","June_3","Early wet",1,2,"Open",1.00530964914873
"213","June_3","Early wet",1,3,"Open",6.04756585816035
"214","June_3","Early wet",1,8,"Open",2.96880505764235
"215","June_3","Early wet",0,0,"Open",0.628318530717959
"216","June_3","Early wet",0,0,"Open",10.9563043793944
"217","June_3","Early wet",1,4,"Open",6.00829594999048
"218","June_3","Early wet",0,0,"Open",1.25663706143592
"219","June_3","Early wet",0,0,"Open",6.39314105005523
"220","June_3","Early wet",1,2,"Open",1.69646003293849
"221","June_3","Early wet",1,3,"Open",94.7582884139021
"222","June_3","Early wet",0,0,"Open",2.12057504117311
"223","June_3","Early wet",0,0,"Open",4.1233403578366
"224","June_3","Early wet",1,1,"Open",0.282743338823081
"225","June_3","Early wet",0,0,"Open",8.05033117482384
"226","June_3","Early wet",0,0,"Open",0.549778714378214
"227","June_3","Early wet",0,0,"Open",0.251327412287183
"228","June_3","Early wet",0,0,"Open",1.5707963267949
"229","June_3","Early wet",0,0,"Open",1.42942465738336
"230","June_3","Early wet",0,0,"Open",107.442468752771
"231","June_3","Early wet",1,48,"Open",72.0759894549838
"232","June_3","Early wet",0,0,"Open",42.1915893377109
"233","June_3","Early wet",1,1,"Open",39.5447975270615
"234","June_3","Early wet",1,27,"Open",257.751969263775
"235","June_3","Early wet",0,0,"Open",11.9144901387393
"236","June_3","Early wet",0,0,"Open",3.078760800518
"237","June_3","Early wet",0,0,"Open",3.60497756999429
"238","June_3","Early wet",0,0,"Open",0.015707963267949
"239","June_3","Early wet",0,0,"Open",11.5453530019425
"240","June_3","Early wet",1,3,"Open",80.1577365563436
"241","June_3","Early wet",0,0,"Open",2.19911485751286
"242","June_3","Early wet",1,3,"Open",11.4432512407008
"243","June_3","Early wet",0,0,"Open",0.431968989868597
"244","June_3","Early wet",0,0,"Open",18.5746665643497
"245","June_3","Early wet",0,0,"Open",0.628318530717959
"246","June_3","Early wet",0,0,"Open",0.15707963267949
"247","June_3","Early wet",1,1,"Open",48.0663675999238
"248","June_3","Early wet",0,0,"Open",2.85884931476671
"249","June_3","Early wet",0,0,"Open",4.90088453960008
"250","June_3","Early wet",0,0,"Open",1.06814150222053
"251","June_3","Early wet",1,5,"Open",12.5349546878233
"252","June_3","Early wet",1,2,"Open",29.4053072376005
"253","June_3","Early wet",0,0,"Open",0.502654824574367
"254","June_3","Early wet",0,0,"Open",6.28318530717959
"255","June_3","Early wet",0,0,"Open",0.015707963267949
"256","June_3","Early wet",0,0,"Open",1.03672557568463
"257","June_3","Early wet",0,0,"Open",0.235619449019234
"258","June_3","Early wet",0,0,"Open",1.06814150222053
"259","June_3","Early wet",0,0,"Open",1.5079644737231
"260","June_3","Early wet",0,0,"Open",0.376991118430775
"261","June_3","Early wet",0,0,"Open",0.259181393921158
"262","June_3","Early wet",0,0,"Open",1.00530964914873
"263","June_3","Early wet",0,0,"Open",3.14159265358979
"264","June_3","Early wet",0,0,"Open",0.777544181763474
"265","June_3","Early wet",0,0,"Open",0.0942477796076938
"266","June_3","Early wet",0,0,"Open",6.14966761940202
"267","June_3","Early wet",0,0,"Open",0.0942477796076938
"268","June_3","Early wet",0,0,"Open",0.196349540849362
"269","June_3","Early wet",1,2,"Open",1.17809724509617
"270","June_3","Early wet",0,0,"Open",0.196349540849362
"271","June_3","Early wet",1,2,"Open",2.07345115136926
"272","June_3","Early wet",0,0,"Open",0.117809724509617
"273","June_3","Early wet",0,0,"Open",0.125663706143592
"274","June_3","Early wet",0,0,"Open",0.0706858347057703
"275","June_3","Early wet",0,0,"Open",0.219911485751285
"276","June_3","Early wet",1,4,"Open",29.8058603009332
"277","June_3","Early wet",0,0,"Open",0.777544181763474
"278","June_3","Early wet",0,0,"Open",1.03672557568463
"279","June_3","Early wet",0,0,"Open",5.11294204371739
"280","June_3","Early wet",0,0,"Open",1.38230076757951
"281","June_3","Early wet",0,0,"Open",1.88495559215388
"282","June_3","Early wet",0,0,"Open",1.82212373908208
"283","June_3","Early wet",0,0,"Open",10.2258840874348
"284","June_3","Early wet",0,0,"Open",0.15707963267949
"285","June_3","Early wet",0,0,"Open",11.6238928182822
"286","June_3","Early wet",0,0,"Open",1.81426975744811
"287","June_3","Early wet",0,0,"Open",11.2154857733156
"288","June_3","Early wet",1,1,"Open",0.235619449019234
"289","June_3","Early wet",0,0,"Open",2.80387144332889
"290","June_3","Early wet",1,1,"Open",1.06028752058656
"291","June_3","Early wet",0,0,"Open",9.5740036118149
"292","June_3","Early wet",0,0,"Open",1.12311937365835
"293","June_3","Early wet",1,1,"Open",0.447676953136545
"294","June_3","Early wet",0,0,"Open",2.89026524130261
"295","June_3","Early wet",0,0,"Open",2.47400421470196
"296","June_3","Early wet",0,0,"Open",1.20951317163207
"297","June_3","Early wet",0,0,"Open",0.0942477796076938
"298","June_3","Early wet",1,2,"Open",0.75398223686155
"299","June_3","Early wet",1,1,"Open",1.53152641862502
"300","June_3","Early wet",1,1,"Open",1.5079644737231
"301","June_3","Early wet",1,12,"Open",31.8086256175967
"302","June_3","Early wet",1,2,"Open",1.22522113490002
"303","June_3","Early wet",1,1,"Open",10.9563043793944
"304","June_3","Early wet",0,0,"Open",0.329867228626928
"305","June_3","Early wet",1,1,"Open",2.12057504117311
"306","June_3","Early wet",1,4,"Open",9.89601685880785
"307","June_3","Early wet",1,2,"Open",5.11294204371739
"308","June_3","Early wet",1,2,"Open",14.4905961146829
"309","June_3","Early wet",1,1,"Open",0.329867228626928
"310","June_3","Early wet",0,0,"Open",0.235619449019234
"311","June_3","Early wet",0,0,"Open",10.0216805649514
"312","June_3","Early wet",1,1,"Open",3.62853951489621
"313","June_3","Early wet",0,0,"Open",1.53152641862502
"314","June_3","Early wet",0,0,"Open",0.212057504117311
"315","June_3","Early wet",0,0,"Open",0.219911485751285
"316","June_4","Early wet",1,1,"Open",6.94291976443344
"317","June_4","Early wet",1,3,"Open",13.4146006308284
"318","June_4","Early wet",0,0,"Open",458.845315020057
"319","June_4","Early wet",1,42,"Open",393.295984302906
"320","June_4","Early wet",1,3,"Open",2.40331837999619
"321","June_4","Early wet",0,0,"Open",248.091571853986
"322","June_4","Early wet",0,0,"Open",134.86857261861
"323","June_4","Early wet",0,0,"Open",11.686724671354
"324","June_4","Early wet",1,41,"Open",272.234711396824
"325","June_4","Early wet",1,53,"Open",226.665909956504
"326","June_4","Early wet",1,18,"Open",274.889357189107
"327","June_4","Early wet",1,23,"Open",184.348656912649
"328","June_4","Early wet",1,57,"Open",450.881377643207
"329","June_4","Early wet",1,15,"Open",269.650751439246
"330","June_4","Early wet",1,2,"Open",4.71238898038469
"331","June_4","Early wet",1,8,"Open",27.6460153515902
"332","June_4","Early wet",1,2,"Open",10.8856185446886
"333","June_4","Early wet",1,17,"Open",721.678810401013
"334","June_4","Early wet",1,3,"Open",47.7286463896629
"335","June_4","Early wet",0,0,"Open",0.15707963267949
"336","June_4","Early wet",1,1,"Open",0.589048622548086
"337","June_4","Early wet",0,0,"Open",6.59734457253857
"338","June_4","Early wet",0,0,"Open",3.64424747816416
"339","June_4","Early wet",0,0,"Open",0.125663706143592
"340","June_4","Early wet",0,0,"Open",3.18086256175967
"341","June_4","Early wet",0,0,"Open",0.0314159265358979
"342","June_4","Early wet",0,0,"Open",0.424115008234622
"343","June_4","Early wet",0,0,"Open",3.39292006587698
"344","June_4","Early wet",1,1,"Open",3.29867228626928
"345","June_4","Early wet",1,7,"Open",2.76460153515902
"346","June_4","Early wet",1,3,"Open",11.388273369263
"347","June_4","Early wet",1,8,"Open",9.50331777710912
"348","June_4","Early wet",0,0,"Open",6.40884901332318
"349","June_4","Early wet",1,10,"Open",29.8058603009332
"350","June_4","Early wet",1,7,"Open",147.544898975845
"351","June_4","Early wet",0,0,"Open",1.04457955731861
"352","June_4","Early wet",0,0,"Open",0.989601685880785
"353","June_4","Early wet",1,2,"Open",0.691150383789755
"354","June_4","Early wet",1,13,"Open",158.179190108246
"355","June_4","Early wet",0,0,"Open",23.2477856365645
"356","June_4","Early wet",1,1,"Open",2.23838476568273
"357","June_4","Early wet",0,0,"Open",0.942477796076938
"358","June_4","Early wet",0,0,"Open",0.408407044966673
"359","June_4","Early wet",0,0,"Open",0.801106126665397
"360","June_4","Early wet",0,0,"Open",4.50818545790135
"361","June_4","Early wet",0,0,"Open",1.59435827169682
"362","June_4","Early wet",0,0,"Open",0.15707963267949
"363","June_4","Early wet",0,0,"Open",0.212057504117311
"364","June_4","Early wet",1,2,"Open",40.7228947721577
"365","June_4","Early wet",1,3,"Open",110.78041094721
"366","June_4","Early wet",0,0,"Open",1.97920337176157
"367","June_4","Early wet",0,0,"Open",3.39292006587698
"368","June_4","Early wet",0,0,"Open",0.565486677646163
"369","June_4","Early wet",1,1,"Open",0.879645943005142
"370","June_4","Early wet",1,1,"Open",31.7457937645249
"371","June_4","Early wet",1,1,"Open",245.986704776081
"372","June_4","Early wet",0,0,"Open",125.67941410686
"373","June_4","Early wet",0,0,"Open",97.26370855514
"374","June_4","Early wet",1,7,"Open",163.802640958172
"375","June_4","Early wet",1,3,"Open",107.230411248654
"376","June_4","Early wet",0,0,"Open",149.814699668063
"377","June_4","Early wet",0,0,"Open",5.81194640914112
"378","June_4","Early wet",1,9,"Open",80.8645949034013
"379","June_4","Early wet",0,0,"Open",1.49225651045515
"380","June_4","Early wet",0,0,"Open",0.314159265358979
"381","June_4","Early wet",0,0,"Open",0.282743338823081
"382","June_4","Early wet",0,0,"Open",0.628318530717959
"383","June_4","Early wet",1,22,"Open",312.392119491335
"384","June_4","Early wet",1,7,"Open",200.512151115369
"385","June_4","Early wet",1,2,"Open",43.102651207252
"386","June_4","Early wet",0,0,"Open",183.217683557357
"387","June_4","Early wet",1,12,"Open",282.083604365828
"388","June_4","Early wet",1,2,"Open",2.73318560862312
"389","June_4","Early wet",1,1,"Open",7.91681348704628
"390","June_4","Early wet",1,12,"Open",830.370062233586
"391","June_4","Early wet",0,0,"Open",4.59457925587507
"392","June_4","Early wet",0,0,"Open",0.942477796076938
"393","June_4","Early wet",0,0,"Open",1.22522113490002
"394","June_4","Early wet",0,0,"Open",0.314159265358979
"395","June_4","Early wet",0,0,"Open",1.53152641862502
"396","June_4","Early wet",0,0,"Open",88.7892623720815
"397","June_4","Early wet",1,1,"Open",249.40318678686
"398","June_4","Early wet",1,7,"Open",535.704379290131
"399","June_4","Early wet",0,0,"Open",10.9955742875643
"400","June_4","Early wet",0,0,"Open",3.39292006587698
"401","June_4","Early wet",1,1,"Open",2.92168116783851
"402","June_4","Early wet",1,1,"Open",526.405265035506
"403","June_4","Early wet",1,5,"Open",327.746653585755
"404","June_4","Early wet",1,2,"Open",32.1699087727595
"405","June_4","Early wet",1,3,"Open",72.9791973428909
"406","June_4","Early wet",1,7,"Open",111.495123275902
"407","June_4","Early wet",1,6,"Open",31.5572982053095
"408","June_4","Early wet",1,4,"Open",101.685500215068
"409","June_4","Early wet",0,0,"Open",1.79070781254618
"410","June_4","Early wet",1,8,"Open",591.106365736188
"411","June_4","Early wet",1,3,"Open",130.627422536264
"412","June_4","Early wet",1,13,"Open",303.242230887755
"413","June_4","Early wet",1,30,"Open",467.877393899128
"414","June_5","Early wet",1,51,"Open",854.120502694725
"415","June_5","Early wet",1,6,"Open",279.915905434851
"416","June_5","Early wet",1,1,"Open",10.1316363078271
"417","June_5","Early wet",0,0,"Open",5.65486677646163
"418","June_5","Early wet",1,10,"Open",101.47344271095
"419","June_5","Early wet",1,7,"Open",180.657285544681
"420","June_5","Early wet",1,34,"Open",323.26988405439
"421","June_5","Early wet",1,11,"Open",324.919220197524
"422","June_5","Early wet",1,4,"Open",718.796399141345
"423","June_5","Early wet",0,0,"Open",0.785398163397448
"424","June_5","Early wet",0,0,"Open",0.392699081698724
"425","June_5","Early wet",1,1,"Open",0.863937979737193
"426","June_5","Early wet",0,0,"Open",0.117809724509617
"427","June_5","Early wet",0,0,"Open",0.00785398163397448
"428","June_5","Early wet",1,8,"Open",114.605300002956
"429","June_5","Early wet",1,2,"Open",24.2452413040792
"430","June_5","Early wet",1,3,"Open",283.685816619158
"431","June_5","Early wet",0,0,"Open",54.6480042091944
"432","June_5","Early wet",1,14,"Open",173.180295029137
"433","June_5","Early wet",1,3,"Open",1.33517687777566
"434","June_5","Early wet",1,6,"Open",247.400421470196
"435","June_5","Early wet",0,0,"Open",0.392699081698724
"436","June_5","Early wet",1,9,"Open",173.572994110836
"437","June_5","Early wet",0,0,"Open",4.71238898038469
"438","June_5","Early wet",0,0,"Open",9.89601685880785
"439","June_5","Early wet",0,0,"Open",2.55254403104171
"440","June_5","Early wet",1,4,"Open",22.5409272895068
"441","June_5","Early wet",1,5,"Open",6.91150383789755
"442","June_5","Early wet",0,0,"Open",0.863937979737193
"443","June_5","Early wet",0,0,"Open",0.0942477796076938
"444","June_5","Early wet",0,0,"Open",12.2522113490002
"445","June_5","Early wet",0,0,"Open",0.628318530717959
"446","June_5","Early wet",1,2,"Open",52.9751061211579
"447","June_5","Early wet",1,20,"Open",372.883486036207
"448","June_5","Early wet",0,0,"Open",0.314159265358979
"449","June_5","Early wet",0,0,"Open",1.13097335529233
"450","June_5","Early wet",1,11,"Open",77.4088429844525
"451","June_5","Early wet",0,0,"Open",34.2512139057627
"452","June_5","Early wet",1,11,"Open",111.526539202438
"453","June_5","Early wet",1,7,"Open",161.933393329286
"454","June_5","Early wet",1,2,"Open",0.91106186954104
"455","June_5","Early wet",0,0,"Open",0.015707963267949
"456","June_5","Early wet",0,0,"Open",0.259181393921158
"457","June_5","Early wet",1,3,"Open",5.60774288665778
"458","June_5","Early wet",0,0,"Open",2.35619449019234
"459","June_5","Early wet",0,0,"Open",149.869677539501
"460","June_5","Early wet",0,0,"Open",0.392699081698724
"461","June_5","Early wet",0,0,"Open",0.117809724509617
"462","June_5","Early wet",1,1,"Open",4.71238898038469
"463","June_5","Early wet",1,1,"Open",1.25663706143592
"464","June_5","Early wet",0,0,"Open",9.42477796076938
"465","June_5","Early wet",0,0,"Open",2.35619449019234
"466","June_5","Early wet",1,1,"Open",3.61283155162826
"467","June_5","Early wet",1,2,"Open",424.115008234622
"468","June_5","Early wet",0,0,"Open",0.589048622548086
"469","June_5","Early wet",0,0,"Open",204.203522483337
"470","June_5","Early wet",0,0,"Open",15.5194677087336
"471","June_5","Early wet",0,0,"Open",5.06581815391354
"472","June_5","Early wet",0,0,"Open",0.282743338823081
"473","June_5","Early wet",0,0,"Open",0.68329640215578
"474","June_5","Early wet",0,0,"Open",1.72787595947439
"475","June_5","Early wet",0,0,"Open",0.306305283725005
"476","June_5","Early wet",0,0,"Open",219.911485751286
"477","June_5","Early wet",0,0,"Open",198.485823853803
"478","June_5","Early wet",0,0,"Open",14.4984500963169
"479","June_5","Early wet",1,3,"Open",257.296438329004
"480","June_5","Early wet",0,0,"Open",357.434704162179
"481","June_5","Early wet",0,0,"Open",82.7024266057513
"482","June_5","Early wet",0,0,"Open",321.777627543935
"483","June_5","Early wet",0,0,"Open",0.196349540849362
"484","June_5","Early wet",0,0,"Open",0.0785398163397448
"485","June_5","Early wet",0,0,"Open",0.314159265358979
"486","June_5","Early wet",0,0,"Open",0.628318530717959
"487","June_5","Early wet",0,0,"Open",3.92699081698724
"488","June_5","Early wet",0,0,"Open",0.196349540849362
"489","June_5","Early wet",1,2,"Open",217.162592179394
"490","June_5","Early wet",1,31,"Open",958.735538059265
"491","June_5","Early wet",1,14,"Open",103.672557568463
"492","June_5","Early wet",1,4,"Open",93.3053018116169
"493","June_5","Early wet",0,0,"Open",0.196349540849362
"494","June_5","Early wet",1,24,"Open",668.530916683908
"495","June_5","Early wet",1,14,"Open",163.362817986669
"496","June_5","Early wet",1,4,"Open",83.7548601447039
"497","June_5","Early wet",1,12,"Open",291.382718620453
"498","June_5","Early wet",1,10,"Open",300.179178050505
"499","June_5","Early wet",1,8,"Open",116.238928182822
"500","June_5","Early wet",1,1,"Open",2.35619449019234
"501","June_5","Early wet",1,8,"Open",229.964582242773
"502","June_5","Early wet",1,1,"Open",2.74889357189107
"503","June_5","Early wet",0,0,"Open",6.87223392972767
"504","June_5","Early wet",1,14,"Open",143.256625003695
"505","June_5","Early wet",1,9,"Open",1123.11937365835
"506","June_5","Early wet",1,12,"Open",16.5404853211503
"507","June_5","Early wet",1,28,"Open",27.2140463617216
"508","June_5","Early wet",1,21,"Open",10.0138265833175
"509","June_5","Early wet",1,7,"Open",5.49778714378214
"510","June_5","Early wet",1,10,"Open",8.44303025652257
"511","June_5","Early wet",1,32,"Open",18.2212373908208
"512","June_5","Early wet",1,12,"Open",18.3783170235003
"513","June_5","Early wet",0,0,"Open",101.858287811015
"514","June_5","Early wet",0,0,"Open",307.090681888402
"515","June_5","Early wet",0,0,"Open",240.473209669031
"516","June_5","Early wet",0,0,"Open",0.0471238898038469
"517","June_5","Early wet",0,0,"Open",1.5707963267949
"518","June_5","Early wet",1,150,"Open",2195.18786669587
"519","June_5","Early wet",1,8,"Open",417.831822927442
"520","June_5","Early wet",0,0,"Open",6.08683576633022
"521","June_5","Early wet",0,0,"Open",4.83019870489431
"522","June_5","Early wet",0,0,"Open",16.0221225333079
"523","June_5","Early wet",1,5,"Open",104.61503536454
"524","June_5","Early wet",1,3,"Open",4.71238898038469
"525","June_5","Early wet",0,0,"Open",141.018240238012
"526","June_5","Early wet",1,2,"Open",134.695785022662
"527","June_5","Early wet",1,116,"Open",546.888449136911
"528","June_6","Early wet",1,7,"Closed",1.53152641862502
"529","June_6","Early wet",1,29,"Closed",19.8705735339554
"530","June_6","Early wet",1,3,"Closed",1.41371669411541
"531","June_6","Early wet",1,20,"Closed",70.0967860832223
"532","June_6","Early wet",1,3,"Closed",5.89048622548086
"533","June_6","Early wet",1,5,"Closed",7.9717913584841
"534","June_6","Early wet",1,7,"Closed",12.7234502470387
"535","June_6","Early wet",1,10,"Closed",59.3761011528471
"536","June_6","Early wet",1,8,"Closed",5.77267650097125
"537","June_6","Early wet",0,0,"Closed",3.89557489045134
"538","June_6","Early wet",0,0,"Closed",1.55508836352695
"539","June_6","Early wet",0,0,"Closed",2.35619449019234
"540","June_6","Early wet",1,4,"Closed",5.15221195188726
"541","June_6","Early wet",1,2,"Closed",0.942477796076938
"542","June_6","Early wet",0,0,"Closed",2.3090706003885
"543","March_1","Mid-dry",1,42,"Open",144.042023167092
"544","March_1","Mid-dry",0,0,"Open",35.8141562509236
"545","March_1","Mid-dry",1,2,"Open",70.8507683200838
"546","March_1","Mid-dry",0,0,"Open",16.9803082926528
"547","March_1","Mid-dry",1,4,"Open",40.9977841293468
"548","March_1","Mid-dry",1,1,"Open",41.563270806993
"549","March_1","Mid-dry",1,5,"Open",137.727421933377
"550","March_1","Mid-dry",0,0,"Open",6.53451271946677
"551","March_1","Mid-dry",1,7,"Open",137.790253786448
"552","March_1","Mid-dry",1,1,"Open",123.543131102419
"553","March_1","Mid-dry",1,33,"Open",186.147218706829
"554","March_1","Mid-dry",1,8,"Open",19.5642682502304
"555","March_1","Mid-dry",1,36,"Open",175.347993960114
"556","March_1","Mid-dry",1,18,"Open",49.3072966980918
"557","March_1","Mid-dry",1,35,"Open",216.769893097696
"558","March_1","Mid-dry",0,0,"Open",31.0075194909313
"559","March_1","Mid-dry",1,151,"Open",815.046944065702
"560","March_1","Mid-dry",1,43,"Open",166.386600915749
"561","March_2","Mid-dry",1,6,"Open",25.6353960532927
"562","March_2","Mid-dry",1,1,"Open",2.80387144332889
"563","March_2","Mid-dry",1,24,"Open",212.214583749991
"564","March_2","Mid-dry",1,1,"Open",137.868793602788
"565","March_2","Mid-dry",1,1,"Open",4.1233403578366
"566","March_2","Mid-dry",1,16,"Open",103.059947001013
"567","March_2","Mid-dry",1,12,"Open",214.680733983059
"568","March_2","Mid-dry",1,9,"Open",138.897665196839
"569","March_2","Mid-dry",1,2,"Open",6.40884901332318
"570","March_2","Mid-dry",1,8,"Open",56.9727827728509
"571","March_2","Mid-dry",1,4,"Open",74.6599494125614
"572","March_2","Mid-dry",1,1,"Open",44.5556378095372
"573","March_2","Mid-dry",1,21,"Open",168.986268836595
"574","March_2","Mid-dry",1,65,"Open",225.801971976766
"575","March_2","Mid-dry",1,82,"Open",127.375874139798
"576","March_2","Mid-dry",0,0,"Open",24.5908164959741
"577","March_2","Mid-dry",1,6,"Open",63.1931362269587
"578","March_2","Mid-dry",1,16,"Open",62.4548619533651
"579","March_2","Mid-dry",1,1,"Open",8.0346232115559
"580","March_2","Mid-dry",1,20,"Open",79.3252145031423
"581","March_2","Mid-dry",1,15,"Open",71.4869408324357
"582","March_2","Mid-dry",1,5,"Open",2.96880505764235
"583","March_2","Mid-dry",1,4,"Open",9.67610537305656
"584","March_2","Mid-dry",1,2,"Open",24.0331837999619
"585","March_2","Mid-dry",1,12,"Open",21.5120556954561
"586","March_2","Mid-dry",1,18,"Open",80.1106126665397
"587","March_2","Mid-dry",1,28,"Open",132.771559522339
"588","March_2","Mid-dry",1,4,"Open",59.9258798672253
"589","March_2","Mid-dry",1,18,"Open",154.173659474919
"590","March_2","Mid-dry",1,12,"Open",47.5165888855456
"591","March_2","Mid-dry",1,26,"Open",168.986268836595
"592","March_2","Mid-dry",1,68,"Open",306.305283725005
"593","March_2","Mid-dry",1,93,"Open",450.410138745169
"594","March_2","Mid-dry",1,16,"Open",291.288470840846
"595","March_2","Mid-dry",1,31,"Open",211.115026321234
"596","March_2","Mid-dry",1,89,"Open",374.415012454832
"597","March_2","Mid-dry",1,87,"Open",370.323088023531
"598","March_2","Mid-dry",1,17,"Open",265.119004036443
"599","March_2","Mid-dry",1,7,"Open",50.3361682921425
"600","March_2","Mid-dry",1,151,"Open",786.874711944636
"601","March_2","Mid-dry",1,7,"Open",79.3880463562141
"602","March_2","Mid-dry",1,15,"Open",76.340701482232
"603","March_2","Mid-dry",1,32,"Open",317.457937645249
"604","March_2","Mid-dry",1,3,"Open",37.6991118430775
"605","March_2","Mid-dry",1,45,"Open",737.771618769027
"606","March_3","Mid-dry",1,20,"Open",155.414588573087
"607","March_3","Mid-dry",1,84,"Open",236.216351623417
"608","March_3","Mid-dry",1,3,"Open",60.8683576633022
"609","March_3","Mid-dry",0,0,"Open",24.3787589918568
"610","March_3","Mid-dry",0,0,"Open",1.64933614313464
"611","March_3","Mid-dry",0,0,"Open",4.00553063332699
"612","March_3","Mid-dry",1,3,"Open",21.7790910710112
"613","March_3","Mid-dry",1,6,"Open",58.3236676138945
"614","March_3","Mid-dry",1,5,"Open",30.1121655846582
"615","March_3","Mid-dry",1,7,"Open",40.1731160577795
"616","March_3","Mid-dry",1,3,"Open",5.30143760293278
"617","March_3","Mid-dry",1,5,"Open",6.59734457253857
"618","March_3","Mid-dry",1,14,"Open",32.2327406258313
"619","March_3","Mid-dry",1,39,"Open",60.6720081224529
"620","March_3","Mid-dry",1,33,"Open",44.1079608564007
"621","March_3","Mid-dry",1,6,"Open",118.697224434256
"622","March_3","Mid-dry",1,14,"Open",37.3613906328166
"623","March_3","Mid-dry",1,9,"Open",34.1412581628871
"624","March_3","Mid-dry",0,0,"Open",11.1526539202438
"625","March_3","Mid-dry",1,4,"Open",25.3919226226395
"626","March_3","Mid-dry",1,10,"Open",31.101767270539
"627","March_3","Mid-dry",1,2,"Open",4.02909257822891
"628","March_3","Mid-dry",1,6,"Open",12.2522113490002
"629","March_3","Mid-dry",1,73,"Open",55.3470085746182
"630","March_3","Mid-dry",1,156,"Open",1272.59635211615
"631","March_3","Mid-dry",1,30,"Open",81.4850594524853
"632","March_3","Mid-dry",1,5,"Open",26.3501083819844
"633","March_3","Mid-dry",1,147,"Open",796.676481023836
"634","March_3","Mid-dry",1,26,"Open",135.999545973902
"635","March_3","Mid-dry",1,54,"Open",332.53758238248
"636","March_3","Mid-dry",0,0,"Open",58.6692428057894
"637","March_4","Mid-dry",1,33,"Closed",419.591114813453
"638","March_4","Mid-dry",1,5,"Closed",96.9809652163169
"639","March_4","Mid-dry",0,0,"Closed",1.75929188601028
"640","March_4","Mid-dry",1,23,"Closed",484.543542926422
"641","March_4","Mid-dry",1,33,"Closed",181.317020001935
"642","March_4","Mid-dry",1,5,"Closed",369.859703107126
"643","March_4","Mid-dry",1,4,"Closed",46.4563013649591
"644","March_4","Mid-dry",1,80,"Closed",232.941241282049
"645","March_4","Mid-dry",1,6,"Closed",39.9610585536622
"646","March_4","Mid-dry",1,12,"Closed",70.7329585955742
"647","March_4","Mid-dry",1,11,"Closed",52.7787565803085
"648","March_4","Mid-dry",0,0,"Closed",1.79070781254618
"649","March_4","Mid-dry",0,0,"Closed",0.942477796076938
"650","March_4","Mid-dry",0,0,"Closed",2.67035375555132
"651","March_4","Mid-dry",1,3,"Closed",12.4171449633137
"652","March_4","Mid-dry",1,1,"Closed",8.12887099116359
"653","March_4","Mid-dry",1,15,"Closed",236.87608608067
"654","March_4","Mid-dry",0,0,"Closed",34.3061917772005
"655","March_4","Mid-dry",1,5,"Closed",45.875106724045
"656","March_4","Mid-dry",0,0,"Closed",36.1440234795506
"657","March_4","Mid-dry",0,0,"Closed",22.7058609038202
"658","March_4","Mid-dry",1,3,"Closed",31.0703513440031
"659","March_4","Mid-dry",0,0,"Closed",11.2154857733156
"660","March_4","Mid-dry",1,1,"Closed",37.2749968348429
"661","March_4","Mid-dry",1,1,"Closed",178.575980411678
"662","March_4","Mid-dry",0,0,"Closed",0.518362787842316
"663","March_4","Mid-dry",0,0,"Closed",0.659734457253856
"664","March_4","Mid-dry",0,0,"Closed",0.918915851175015
"665","March_4","Mid-dry",1,1,"Closed",9.61327351998477
"666","March_4","Mid-dry",1,6,"Closed",576.089552852028
"667","March_4","Mid-dry",1,4,"Closed",25.7296438329004
"668","March_4","Mid-dry",0,0,"Closed",0.424115008234622
"669","March_4","Mid-dry",1,90,"Closed",368.296760761965
"670","March_4","Mid-dry",1,29,"Closed",269.548649678004
"671","March_4","Mid-dry",1,6,"Closed",41.539708862091
"672","March_5","Mid-dry",0,0,"Closed",7.30420291959627
"673","March_5","Mid-dry",1,1,"Closed",4.86946861306418
"674","March_5","Mid-dry",1,81,"Closed",491.345091021444
"675","March_5","Mid-dry",1,2,"Closed",34.4554174282461
"676","March_5","Mid-dry",0,0,"Closed",0.777544181763474
"677","March_5","Mid-dry",1,44,"Closed",340.045988824559
"678","March_5","Mid-dry",1,13,"Closed",231.001307818457
"679","March_5","Mid-dry",0,0,"Closed",0.848230016469244
"680","March_5","Mid-dry",0,0,"Closed",10.3672557568463
"681","March_5","Mid-dry",1,57,"Closed",266.956835738793
"682","March_5","Mid-dry",0,0,"Closed",8.79645943005142
"683","March_5","Mid-dry",1,5,"Closed",293.911700706593
"684","March_5","Mid-dry",1,18,"Closed",346.831828956313
"685","March_5","Mid-dry",0,0,"Closed",2.96095107600838
"686","March_5","Mid-dry",0,0,"Closed",23.4755511039497
"687","March_5","Mid-dry",1,3,"Closed",10.5557513160617
"688","March_5","Mid-dry",1,9,"Closed",215.5917958526
"689","March_5","Mid-dry",1,18,"Closed",85.9775369471187
"690","March_5","Mid-dry",1,45,"Closed",220.539804282003
"691","March_5","Mid-dry",1,6,"Closed",69.9004365423729
"692","March_5","Mid-dry",1,4,"Closed",253.840686410055
"693","March_5","Mid-dry",1,9,"Closed",62.8946849248677
"694","March_5","Mid-dry",0,0,"Closed",1.9085175370558
"695","March_5","Mid-dry",1,1,"Closed",139.337488168341
"696","March_5","Mid-dry",1,2,"Closed",69.3899277361646
"697","March_5","Mid-dry",1,10,"Closed",72.0681354733499
"698","March_5","Mid-dry",0,0,"Closed",11.0191362324662
"699","March_5","Mid-dry",1,7,"Closed",61.0254372959817
"700","March_5","Mid-dry",1,16,"Closed",15.692255304681
"701","March_5","Mid-dry",1,19,"Closed",115.359282239817
"702","March_5","Mid-dry",1,2,"Closed",89.8495498926681
"703","March_5","Mid-dry",0,0,"Closed",96.5725581713502
"704","March_5","Mid-dry",1,5,"Closed",21.9126087587888
"705","March_5","Mid-dry",0,0,"Closed",149.783283741527
"706","March_5","Mid-dry",1,4,"Closed",38.2017666676519
"707","March_5","Mid-dry",1,9,"Closed",90.8705675050848
"708","March_5","Mid-dry",0,0,"Closed",0.329867228626928
"709","March_5","Mid-dry",0,0,"Closed",5.59988890502381
"710","March_5","Mid-dry",0,0,"Closed",3.87201294554942
"711","March_5","Mid-dry",1,9,"Closed",179.659829877166
"712","March_5","Mid-dry",0,0,"Closed",1.98705735339554
"713","March_5","Mid-dry",1,3,"Closed",82.9380460547705
"714","March_5","Mid-dry",0,0,"Closed",2.89026524130261
"715","March_5","Mid-dry",0,0,"Closed",7.5398223686155
"716","March_5","Mid-dry",0,0,"Closed",2.16769893097696
"717","March_5","Mid-dry",0,0,"Closed",9.33838416279566
"718","March_5","Mid-dry",1,3,"Closed",72.0995513998858
"719","March_5","Mid-dry",1,2,"Closed",58.1037561281432
"720","March_5","Mid-dry",1,5,"Closed",70.0889321015883
"721","March_5","Mid-dry",0,0,"Closed",1.13097335529233
"722","March_5","Mid-dry",0,0,"Closed",7.06858347057703
"723","March_5","Mid-dry",1,15,"Closed",37.1493331286993
"724","March_5","Mid-dry",1,1,"Closed",21.1115026321234
"725","March_5","Mid-dry",0,0,"Closed",0.38484510006475
"726","March_5","Mid-dry",0,0,"Closed",8.08174710135974
"727","March_6","Mid-dry",1,18,"Closed",395.824966389046
"728","March_6","Mid-dry",1,51,"Closed",590.415215352398
"729","March_6","Mid-dry",0,0,"Closed",5.10508806208341
"730","March_6","Mid-dry",0,0,"Closed",0.424115008234622
"731","March_6","Mid-dry",1,6,"Closed",150.607951813095
"732","March_6","Mid-dry",1,31,"Closed",185.055515259707
"733","March_6","Mid-dry",1,21,"Closed",31.5101743155056
"734","March_6","Mid-dry",1,3,"Closed",5.71769862953342
"735","March_6","Mid-dry",0,0,"Closed",4.28827397215007
"736","March_6","Mid-dry",1,5,"Closed",14.3256625003695
"737","March_6","Mid-dry",1,10,"Closed",4.77522083345649
"738","March_6","Mid-dry",1,12,"Closed",31.7457937645249
"739","March_6","Mid-dry",1,2,"Closed",2.93738913110646
"740","March_6","Mid-dry",1,24,"Closed",79.1681348704628
"741","January_1","Early dry",0,0,"Open",9.89601685880785
"742","January_1","Early dry",0,0,"Open",26.169466804403
"743","January_1","Early dry",0,0,"Open",0.0942477796076938
"744","January_1","Early dry",0,0,"Open",0.659734457253856
"745","January_1","Early dry",0,0,"Open",5.27787565803085
"746","January_1","Early dry",0,0,"Open",0.282743338823081
"747","January_1","Early dry",0,0,"Open",5.27787565803085
"748","January_1","Early dry",0,0,"Open",0.282743338823081
"749","January_1","Early dry",0,0,"Open",0.219911485751285
"750","January_1","Early dry",0,0,"Open",0.431968989868597
"751","January_1","Early dry",0,0,"Open",1.31946891450771
"752","January_1","Early dry",0,0,"Open",5.27787565803085
"753","January_1","Early dry",0,0,"Open",4.80663675999238
"754","January_1","Early dry",0,0,"Open",14.7262155637022
"755","January_1","Early dry",0,0,"Open",4.71238898038469
"756","January_1","Early dry",0,0,"Open",0.565486677646163
"757","January_1","Early dry",0,0,"Open",0.0471238898038469
"758","January_1","Early dry",0,0,"Open",4.00553063332699
"759","January_1","Early dry",0,0,"Open",5.84336233567702
"760","January_1","Early dry",0,0,"Open",0.471238898038469
"761","January_1","Early dry",0,0,"Open",1.09955742875643
"762","January_1","Early dry",0,0,"Open",0.659734457253856
"763","January_1","Early dry",0,0,"Open",1.97920337176157
"764","January_1","Early dry",0,0,"Open",11.3097335529233
"765","January_1","Early dry",0,0,"Open",0.392699081698724
"766","January_1","Early dry",0,0,"Open",1.25663706143592
"767","January_1","Early dry",0,0,"Open",157.794345008181
"768","January_1","Early dry",0,0,"Open",2.9845130209103
"769","January_1","Early dry",0,0,"Open",0.314159265358979
"770","January_1","Early dry",0,0,"Open",22.0853963547362
"771","January_1","Early dry",0,0,"Open",1.97920337176157
"772","January_1","Early dry",0,0,"Open",9.61327351998477
"773","January_1","Early dry",0,0,"Open",37.5734481369339
"774","January_1","Early dry",0,0,"Open",9.75464518939631
"775","January_1","Early dry",0,0,"Open",0.0628318530717959
"776","January_1","Early dry",0,0,"Open",0.219911485751285
"777","January_1","Early dry",0,0,"Open",6.4324109582251
"778","January_1","Early dry",0,0,"Open",0.471238898038469
"779","January_1","Early dry",0,0,"Open",0.329867228626928
"780","January_1","Early dry",0,0,"Open",0.0471238898038469
"781","January_1","Early dry",0,0,"Open",3.47145988221672
"782","January_1","Early dry",0,0,"Open",0.188495559215388
"783","January_1","Early dry",0,0,"Open",11.5453530019425
"784","January_1","Early dry",0,0,"Open",6.0318578948924
"785","January_1","Early dry",0,0,"Open",2.12057504117311
"786","January_1","Early dry",0,0,"Open",6.59734457253857
"787","January_1","Early dry",0,0,"Open",9.89601685880785
"788","January_1","Early dry",0,0,"Open",5.02654824574367
"789","January_1","Early dry",0,0,"Open",2.82743338823081
"790","January_1","Early dry",0,0,"Open",12.7627201552085
"791","January_1","Early dry",0,0,"Open",10.461503536454
"792","January_1","Early dry",0,0,"Open",9.89601685880785
"793","January_1","Early dry",0,0,"Open",26.169466804403
"794","January_1","Early dry",0,0,"Open",0.0942477796076938
"795","January_1","Early dry",0,0,"Open",0.659734457253856
"796","January_1","Early dry",0,0,"Open",5.27787565803085
"797","January_1","Early dry",0,0,"Open",0.282743338823081
"798","January_1","Early dry",0,0,"Open",0.219911485751285
"799","January_1","Early dry",0,0,"Open",0.431968989868597
"800","January_1","Early dry",0,0,"Open",1.31946891450771
"801","January_1","Early dry",0,0,"Open",5.27787565803085
"802","January_1","Early dry",0,0,"Open",4.80663675999238
"803","January_1","Early dry",0,0,"Open",14.7262155637022
"804","January_1","Early dry",0,0,"Open",4.71238898038469
"805","January_1","Early dry",0,0,"Open",0.565486677646163
"806","January_1","Early dry",0,0,"Open",0.0471238898038469
"807","January_1","Early dry",0,0,"Open",4.00553063332699
"808","January_1","Early dry",0,0,"Open",5.84336233567702
"809","January_1","Early dry",0,0,"Open",0.471238898038469
"810","January_1","Early dry",0,0,"Open",1.09955742875643
"811","January_1","Early dry",0,0,"Open",0.659734457253856
"812","January_1","Early dry",0,0,"Open",1.97920337176157
"813","January_1","Early dry",0,0,"Open",11.3097335529233
"814","January_1","Early dry",0,0,"Open",0.392699081698724
"815","January_1","Early dry",0,0,"Open",1.25663706143592
"816","January_1","Early dry",0,0,"Open",157.794345008181
"817","January_1","Early dry",0,0,"Open",2.9845130209103
"818","January_1","Early dry",0,0,"Open",0.314159265358979
"819","January_1","Early dry",0,0,"Open",22.0853963547362
"820","January_1","Early dry",0,0,"Open",1.97920337176157
"821","January_1","Early dry",0,0,"Open",9.61327351998477
"822","January_1","Early dry",0,0,"Open",37.5734481369339
"823","January_1","Early dry",0,0,"Open",9.75464518939631
"824","January_1","Early dry",0,0,"Open",0.0628318530717959
"825","January_1","Early dry",0,0,"Open",0.219911485751285
"826","January_1","Early dry",0,0,"Open",6.4324109582251
"827","January_1","Early dry",0,0,"Open",0.471238898038469
"828","January_1","Early dry",0,0,"Open",0.329867228626928
"829","January_1","Early dry",0,0,"Open",0.0471238898038469
"830","January_1","Early dry",0,0,"Open",3.47145988221672
"831","January_1","Early dry",0,0,"Open",0.188495559215388
"832","January_1","Early dry",0,0,"Open",11.5453530019425
"833","January_1","Early dry",0,0,"Open",6.0318578948924
"834","January_1","Early dry",0,0,"Open",2.12057504117311
"835","January_1","Early dry",0,0,"Open",6.59734457253857
"836","January_1","Early dry",0,0,"Open",9.89601685880785
"837","January_1","Early dry",0,0,"Open",5.02654824574367
"838","January_1","Early dry",0,0,"Open",2.82743338823081
"839","January_1","Early dry",0,0,"Open",12.7627201552085
"840","January_1","Early dry",0,0,"Open",10.461503536454
"841","January_1","Early dry",0,0,"Open",8.83572933822129
"842","January_1","Early dry",0,0,"Open",2.96880505764235
"843","January_1","Early dry",0,0,"Open",16.7132729170977
"844","January_1","Early dry",0,0,"Open",27.6381613699562
"845","January_1","Early dry",0,0,"Open",15.3152641862502
"846","January_1","Early dry",0,0,"Open",20.2161487258503
"847","January_1","Early dry",0,0,"Open",6.64446846234241
"848","January_1","Early dry",0,0,"Open",22.2660379323177
"849","January_1","Early dry",0,0,"Open",2.43473430653209
"850","January_1","Early dry",0,0,"Open",0.196349540849362
"851","January_1","Early dry",0,0,"Open",0.282743338823081
"852","January_1","Early dry",0,0,"Open",16.2577419823272
"853","January_1","Early dry",0,0,"Open",19.1480072236298
"854","January_1","Early dry",0,0,"Open",1.38230076757951
"855","January_1","Early dry",0,0,"Open",1.17809724509617
"856","January_1","Early dry",0,0,"Open",6.59734457253857
"857","January_1","Early dry",0,0,"Open",3.14159265358979
"858","January_1","Early dry",0,0,"Open",11.5453530019425
"859","January_1","Early dry",0,0,"Open",15.2681402964464
"860","January_1","Early dry",0,0,"Open",1.64933614313464
"861","January_1","Early dry",0,0,"Open",13.7444678594553
"862","January_1","Early dry",0,0,"Open",20.5931398442811
"863","January_1","Early dry",0,0,"Open",4.1233403578366
"864","January_1","Early dry",0,0,"Open",3.45575191894877
"865","January_1","Early dry",0,0,"Open",20.2868345605561
"866","January_1","Early dry",0,0,"Open",4.71238898038469
"867","January_1","Early dry",0,0,"Open",4.1233403578366
"868","January_1","Early dry",0,0,"Open",16.8860605130451
"869","January_1","Early dry",0,0,"Open",0.314159265358979
"870","January_1","Early dry",0,0,"Open",0.549778714378214
"871","January_1","Early dry",0,0,"Open",0.235619449019234
"872","January_1","Early dry",0,0,"Open",16.8232286599733
"873","January_1","Early dry",0,0,"Open",0.549778714378214
"874","January_1","Early dry",0,0,"Open",0.235619449019234
"875","January_1","Early dry",0,0,"Open",6.1261056745001
"876","January_1","Early dry",0,0,"Open",1.09955742875643
"877","January_1","Early dry",0,0,"Open",2.04203522483337
"878","January_1","Early dry",0,0,"Open",4.71238898038469
"879","January_1","Early dry",0,0,"Open",0.188495559215388
"880","January_1","Early dry",0,0,"Open",0.353429173528852
"881","January_1","Early dry",0,0,"Open",0.549778714378214
"882","January_1","Early dry",0,0,"Open",0.314159265358979
"883","January_1","Early dry",0,0,"Open",1.5707963267949
"884","January_1","Early dry",0,0,"Open",7.28849495632832
"885","January_1","Early dry",0,0,"Open",16.7132729170977
"886","January_1","Early dry",0,0,"Open",2.59181393921158
"887","January_1","Early dry",0,0,"Open",290.008271834508
"888","January_1","Early dry",0,0,"Open",3.0159289474462
"889","January_1","Early dry",0,0,"Open",0.471238898038469
"890","January_1","Early dry",0,0,"Open",0.518362787842316
"891","January_1","Early dry",0,0,"Open",0.942477796076938
"892","January_1","Early dry",0,0,"Open",60.7505479387926
"893","January_1","Early dry",0,0,"Open",0.659734457253856
"894","January_1","Early dry",0,0,"Open",1.33517687777566
"895","January_1","Early dry",0,0,"Open",6.1261056745001
"896","January_1","Early dry",0,0,"Open",3.29867228626928
"897","January_1","Early dry",0,0,"Open",0.824668071567321
"898","January_1","Early dry",0,0,"Open",18.786724068467
"899","January_1","Early dry",0,0,"Open",0.863937979737193
"900","January_1","Early dry",0,0,"Open",6.1261056745001
"901","January_1","Early dry",0,0,"Open",6.92721180116549
"902","January_1","Early dry",0,0,"Open",0.219911485751285
"903","January_1","Early dry",0,0,"Open",5.77267650097125
"904","January_1","Early dry",0,0,"Open",0.863937979737193
"905","January_1","Early dry",0,0,"Open",0.15707963267949
"906","January_1","Early dry",0,0,"Open",0.75398223686155
"907","January_1","Early dry",0,0,"Open",0.274889357189107
"908","January_1","Early dry",0,0,"Open",0.251327412287183
"909","January_1","Early dry",0,0,"Open",0.848230016469244
"910","January_1","Early dry",0,0,"Open",6.08683576633022
"911","January_1","Early dry",0,0,"Open",0.471238898038469
"912","January_1","Early dry",0,0,"Open",6.67588438887831
"913","January_1","Early dry",0,0,"Open",138.4264262988
"914","January_1","Early dry",0,0,"Open",290.440240824376
"915","January_1","Early dry",0,0,"Open",23.7975643509427
"916","January_2","Early dry",0,0,"Closed",0.314159265358979
"917","January_2","Early dry",0,0,"Closed",1.03672557568463
"918","January_2","Early dry",0,0,"Closed",0.125663706143592
"919","January_2","Early dry",0,0,"Closed",1.53152641862502
"920","January_2","Early dry",0,0,"Closed",1.22522113490002
"921","January_2","Early dry",0,0,"Closed",1.41371669411541
"922","January_2","Early dry",0,0,"Closed",0.125663706143592
"923","January_2","Early dry",0,0,"Closed",15.39380400259
"924","January_2","Early dry",0,0,"Closed",5.3564154743706
"925","January_2","Early dry",0,0,"Closed",38.5944657493506
"926","January_2","Early dry",0,0,"Closed",10.4065256650162
"927","January_2","Early dry",0,0,"Closed",0.117809724509617
"928","January_2","Early dry",0,0,"Closed",9.89601685880785
"929","January_2","Early dry",0,0,"Closed",2.35619449019234
"930","January_2","Early dry",0,0,"Closed",2.63893782901543
"931","January_2","Early dry",0,0,"Closed",0.235619449019234
"932","January_2","Early dry",0,0,"Closed",0.314159265358979
"933","January_2","Early dry",0,0,"Closed",1.41371669411541
"934","January_2","Early dry",0,0,"Closed",129.574988997311
"935","January_2","Early dry",0,0,"Closed",12.9590696960579
"936","January_2","Early dry",0,0,"Closed",10.9563043793944
"937","January_2","Early dry",0,0,"Closed",1.90066355542183
"938","January_2","Early dry",0,0,"Closed",1.53152641862502
"939","January_2","Early dry",0,0,"Closed",0.659734457253856
"940","January_2","Early dry",0,0,"Closed",0.439822971502571
"941","January_2","Early dry",0,0,"Closed",17.8678082172919
"942","January_2","Early dry",0,0,"Closed",2.26194671058465
"943","January_2","Early dry",0,0,"Closed",0.565486677646163
"944","January_2","Early dry",0,0,"Closed",3.06305283725005
"945","January_2","Early dry",0,0,"Closed",1.04457955731861
"946","January_2","Early dry",0,0,"Closed",2.55254403104171
"947","January_2","Early dry",0,0,"Closed",0.282743338823081
"948","January_2","Early dry",0,0,"Closed",0.777544181763474
"949","January_2","Early dry",0,0,"Closed",0.75398223686155
"950","January_2","Early dry",0,0,"Closed",0.376991118430775
"951","January_2","Early dry",0,0,"Closed",2.9845130209103
"952","January_2","Early dry",0,0,"Closed",2.26980069221863
"953","January_2","Early dry",0,0,"Closed",2.38761041672824
"954","January_2","Early dry",0,0,"Closed",1.539380400259
"955","January_2","Early dry",0,0,"Closed",2.19911485751286
"956","January_2","Early dry",0,0,"Closed",1.81426975744811
"957","January_2","Early dry",0,0,"Closed",1.41371669411541
"958","January_2","Early dry",0,0,"Closed",0.636172512351933
"959","January_2","Early dry",0,0,"Closed",0.141371669411541
"960","January_2","Early dry",0,0,"Closed",1.42942465738336
"961","January_2","Early dry",0,0,"Closed",1.02101761241668
"962","January_2","Early dry",0,0,"Closed",1.31946891450771
"963","January_2","Early dry",0,0,"Closed",2.53683606777376
"964","January_2","Early dry",0,0,"Closed",6.07898178469625
"965","January_2","Early dry",0,0,"Closed",29.9001080805409
"966","January_2","Early dry",0,0,"Closed",0.188495559215388
"967","January_2","Early dry",0,0,"Closed",12.9826316409598
"968","January_2","Early dry",0,0,"Closed",5.60774288665778
"969","January_2","Early dry",0,0,"Closed",32.1542008094915
"970","January_2","Early dry",0,0,"Closed",0.879645943005142
"971","January_2","Early dry",0,0,"Closed",0.376991118430775
"972","January_2","Early dry",0,0,"Closed",105.164814078918
"973","January_2","Early dry",0,0,"Closed",0.424115008234622
"974","January_2","Early dry",0,0,"Closed",32.1384928462236
"975","January_2","Early dry",0,0,"Closed",3.51858377202057
"976","January_2","Early dry",0,0,"Closed",0.494800842940392
"977","January_2","Early dry",0,0,"Closed",16.2106180925233
"978","January_2","Early dry",0,0,"Closed",3.11017672705389
"979","January_2","Early dry",0,0,"Closed",3.64424747816416
"980","January_2","Early dry",0,0,"Closed",3.95840674352314
"981","January_2","Early dry",0,0,"Closed",0.494800842940392
"982","January_2","Early dry",0,0,"Closed",2.52898208613978
"983","January_2","Early dry",0,0,"Closed",3.07090681888402
"984","January_2","Early dry",0,0,"Closed",1.20951317163207
"985","January_2","Early dry",0,0,"Closed",1.29590696960579
"986","January_2","Early dry",0,0,"Closed",6.78584013175395
"987","January_2","Early dry",0,0,"Closed",4.4924774946334
"988","January_2","Early dry",0,0,"Closed",0.0471238898038469
"989","January_2","Early dry",0,0,"Closed",1.25663706143592
"990","January_2","Early dry",0,0,"Closed",9.03207887907065
"991","January_2","Early dry",0,0,"Closed",1.41371669411541
"992","January_2","Early dry",0,0,"Closed",0.274889357189107
"993","January_2","Early dry",0,0,"Closed",2.41902634326414
"994","January_2","Early dry",0,0,"Closed",1.02101761241668
"995","January_2","Early dry",0,0,"Closed",0.188495559215388
"996","January_2","Early dry",0,0,"Closed",0.15707963267949
"997","January_2","Early dry",0,0,"Closed",0.329867228626928
"998","January_2","Early dry",0,0,"Closed",0.565486677646163
"999","January_2","Early dry",0,0,"Closed",1.60221225333079
"1000","January_2","Early dry",0,0,"Closed",10.147344271095
"1001","January_2","Early dry",0,0,"Closed",0.235619449019234
"1002","January_2","Early dry",0,0,"Closed",5.93761011528471
"1003","January_2","Early dry",0,0,"Closed",1.53152641862502
"1004","January_2","Early dry",0,0,"Closed",0.015707963267949
"1005","January_2","Early dry",0,0,"Closed",1.17809724509617
"1006","January_2","Early dry",0,0,"Closed",26.0123871717235
"1007","January_2","Early dry",0,0,"Closed",3.29867228626928
"1008","January_2","Early dry",0,0,"Closed",1.97920337176157
"1009","January_2","Early dry",0,0,"Closed",0.918915851175015
"1010","January_2","Early dry",0,0,"Closed",0.015707963267949
"1011","January_2","Early dry",0,0,"Closed",0.0942477796076938
"1012","January_2","Early dry",0,0,"Closed",2.82743338823081
"1013","January_2","Early dry",0,0,"Closed",2.51327412287183
"1014","January_2","Early dry",0,0,"Closed",0.0942477796076938
"1015","January_2","Early dry",0,0,"Closed",0.0471238898038469
"1016","January_2","Early dry",0,0,"Closed",0.353429173528852
"1017","January_2","Early dry",0,0,"Closed",0.0942477796076938
"1018","January_2","Early dry",0,0,"Closed",0.714712328691678
"1019","January_2","Early dry",0,0,"Closed",0.0942477796076938
"1020","January_2","Early dry",0,0,"Closed",6.87223392972767
"1021","January_2","Early dry",0,0,"Closed",1.38230076757951
"1022","January_2","Early dry",0,0,"Closed",5.53705705195201
"1023","January_2","Early dry",0,0,"Closed",9.0477868423386
"1024","January_2","Early dry",0,0,"Closed",3.64424747816416
"1025","January_2","Early dry",0,0,"Closed",6.40884901332318
"1026","January_2","Early dry",0,0,"Closed",0.0942477796076938
"1027","January_2","Early dry",0,0,"Closed",0.989601685880785
"1028","January_2","Early dry",0,0,"Closed",1.32732289614169
"1029","January_2","Early dry",0,0,"Closed",7.65763209312512
"1030","January_2","Early dry",0,0,"Closed",0.0942477796076938
"1031","January_2","Early dry",0,0,"Closed",100.091141943371
"1032","January_2","Early dry",0,0,"Closed",3.60497756999429
"1033","January_2","Early dry",0,0,"Closed",43.9822971502571
"1034","January_2","Early dry",0,0,"Closed",0.895353906273091
"1035","January_2","Early dry",0,0,"Closed",0.706858347057703
"1036","January_2","Early dry",0,0,"Closed",0.188495559215388
"1037","January_2","Early dry",0,0,"Closed",1.25663706143592
"1038","January_2","Early dry",0,0,"Closed",3.29867228626928
"1039","January_2","Early dry",0,0,"Closed",1.49225651045515
"1040","January_2","Early dry",0,0,"Closed",19.9098434421253
"1041","January_2","Early dry",0,0,"Closed",1.27234502470387
"1042","January_2","Early dry",0,0,"Closed",2.67035375555132
"1043","January_2","Early dry",0,0,"Closed",16.9803082926528
"1044","January_2","Early dry",0,0,"Closed",6.66017642561036
"1045","January_2","Early dry",0,0,"Closed",7.03716754404114
"1046","January_2","Early dry",0,0,"Closed",4.59457925587507
"1047","January_2","Early dry",0,0,"Closed",1.64933614313464
"1048","January_2","Early dry",0,0,"Closed",0.706858347057703
"1049","January_2","Early dry",0,0,"Closed",2.80387144332889
"1050","January_2","Early dry",0,0,"Closed",2.51327412287183
"1051","January_2","Early dry",0,0,"Closed",3.06305283725005
"1052","January_2","Early dry",0,0,"Closed",0.534070751110265
"1053","January_2","Early dry",0,0,"Closed",4.24115008234622
"1054","January_2","Early dry",0,0,"Closed",1.42942465738336
"1055","January_2","Early dry",0,0,"Closed",22.3838476568273
"1056","January_2","Early dry",0,0,"Closed",0.235619449019234
"1057","January_2","Early dry",0,0,"Closed",11.6553087448181
"1058","January_2","Early dry",0,0,"Closed",0.188495559215388
"1059","January_2","Early dry",0,0,"Closed",11.6396007815502
"1060","January_2","Early dry",0,0,"Closed",0.235619449019235
"1061","January_2","Early dry",0,0,"Closed",3.58141562509236
"1062","January_2","Early dry",0,0,"Closed",3.73064127613788
"1063","January_2","Early dry",0,0,"Closed",0.549778714378214
"1064","January_2","Early dry",0,0,"Closed",0.282743338823081
"1065","January_2","Early dry",0,0,"Closed",0.00785398163397448
"1066","January_2","Early dry",0,0,"Closed",0.0942477796076938
"1067","January_2","Early dry",0,0,"Closed",4.05265452313083
"1068","January_2","Early dry",0,0,"Closed",1.88495559215388
"1069","January_2","Early dry",0,0,"Closed",1.36659280431156
"1070","January_2","Early dry",0,0,"Closed",3.26725635973339
"1071","January_2","Early dry",0,0,"Closed",142.596890546441
"1072","January_2","Early dry",0,0,"Closed",51.9540885087412
"1073","January_2","Early dry",0,0,"Closed",71.6126045385793
"1074","January_2","Early dry",0,0,"Closed",1.49225651045515
"1075","January_2","Early dry",0,0,"Closed",0.00785398163397448
"1076","January_2","Early dry",0,0,"Closed",1.83783170235003
"1077","January_2","Early dry",0,0,"Closed",0.392699081698724
"1078","January_2","Early dry",0,0,"Closed",0.392699081698724
"1079","January_2","Early dry",0,0,"Closed",0.0706858347057703
"1080","January_2","Early dry",0,0,"Closed",0.534070751110265
"1081","January_2","Early dry",0,0,"Closed",1.9399334635917
"1082","January_2","Early dry",0,0,"Closed",0.565486677646163
"1083","January_2","Early dry",0,0,"Closed",2.38761041672824
"1084","January_2","Early dry",0,0,"Closed",2.26194671058465
"1085","January_2","Early dry",0,0,"Closed",0.188495559215388
"1086","January_2","Early dry",0,0,"Closed",5.16791991515521
"1087","January_2","Early dry",0,0,"Closed",3.39292006587698
"1088","January_2","Early dry",0,0,"Closed",17.6243347866387
"1089","January_2","Early dry",0,0,"Closed",0.565486677646163
"1090","January_2","Early dry",0,0,"Closed",0.494800842940392
"1091","January_2","Early dry",0,0,"Closed",2.07345115136926
"1092","January_3","Early dry",0,0,"Open",34.5732271527557
"1093","January_3","Early dry",0,0,"Open",6.00829594999048
"1094","January_3","Early dry",0,0,"Open",1.25663706143592
"1095","January_3","Early dry",0,0,"Open",0.424115008234622
"1096","January_3","Early dry",0,0,"Open",2.96880505764235
"1097","January_3","Early dry",0,0,"Open",0.392699081698724
"1098","January_3","Early dry",0,0,"Open",0.392699081698724
"1099","January_3","Early dry",0,0,"Open",0.141371669411541
"1100","January_3","Early dry",0,0,"Open",6.76227818685203
"1101","January_3","Early dry",0,0,"Open",3.58141562509236
"1102","January_3","Early dry",0,0,"Open",36.4738907081775
"1103","January_3","Early dry",0,0,"Open",19.6035381584003
"1104","January_3","Early dry",0,0,"Open",8.24668071567321
"1105","January_3","Early dry",0,0,"Open",0.314159265358979
"1106","January_3","Early dry",0,0,"Open",3.51858377202057
"1107","January_3","Early dry",0,0,"Open",3.95840674352314
"1108","January_3","Early dry",0,0,"Open",0.282743338823081
"1109","January_3","Early dry",0,0,"Open",0.274889357189107
"1110","January_3","Early dry",0,0,"Open",0.00785398163397448
"1111","January_3","Early dry",0,0,"Open",0.00785398163397448
"1112","January_3","Early dry",0,0,"Open",159.404411243146
"1113","January_3","Early dry",0,0,"Open",39.1756603902647
"1114","January_3","Early dry",0,0,"Open",0.235619449019234
"1115","January_3","Early dry",0,0,"Open",0.251327412287183
"1116","January_3","Early dry",0,0,"Open",2.59181393921158
"1117","January_3","Early dry",0,0,"Open",0.494800842940392
"1118","January_3","Early dry",0,0,"Open",0.235619449019234
"1119","January_3","Early dry",0,0,"Open",3.13373867195582
"1120","January_3","Early dry",0,0,"Open",0.15707963267949
"1121","January_3","Early dry",0,0,"Open",21.4884937505542
"1122","January_3","Early dry",0,0,"Open",33.0809706423005
"1123","January_3","Early dry",0,0,"Open",1.41371669411541
"1124","January_3","Early dry",0,0,"Open",1.53152641862502
"1125","January_3","Early dry",0,0,"Open",157.73151315511
"1126","January_3","Early dry",0,0,"Open",5.41924732744239
"1127","January_3","Early dry",0,0,"Open",17.6243347866387
"1128","January_3","Early dry",0,0,"Open",0.235619449019234
"1129","January_3","Early dry",0,0,"Open",1.64148216150067
"1130","January_3","Early dry",0,0,"Open",0.0942477796076938
"1131","January_3","Early dry",0,0,"Open",10.8856185446886
"1132","January_3","Early dry",0,0,"Open",0.392699081698724
"1133","January_3","Early dry",0,0,"Open",0.109955742875643
"1134","January_3","Early dry",0,0,"Open",0.746128255227576
"1135","January_3","Early dry",0,0,"Open",3.29867228626928
"1136","January_3","Early dry",0,0,"Open",25.5725642002209
"1137","January_3","Early dry",0,0,"Open",33.9606165853057
"1138","January_3","Early dry",0,0,"Open",13.3203528512207
"1139","January_3","Early dry",0,0,"Open",7.14712328691678
"1140","January_3","Early dry",0,0,"Open",4.99513231920777
"1141","January_3","Early dry",0,0,"Open",0.235619449019234
"1142","January_3","Early dry",0,0,"Open",9.45619388730528
"1143","January_3","Early dry",0,0,"Open",10.9563043793944
"1144","January_3","Early dry",0,0,"Open",0.196349540849362
"1145","January_3","Early dry",0,0,"Open",13.8230076757951
"1146","January_3","Early dry",0,0,"Open",0.714712328691678
"1147","January_3","Early dry",0,0,"Open",1.17809724509617
"1148","January_3","Early dry",0,0,"Open",0.251327412287183
"1149","January_3","Early dry",0,0,"Open",5.93761011528471
"1150","January_3","Early dry",0,0,"Open",1.42942465738336
"1151","January_3","Early dry",0,0,"Open",3.26725635973339
"1152","January_3","Early dry",0,0,"Open",0.75398223686155
"1153","January_3","Early dry",0,0,"Open",21.3628300444106
"1154","January_3","Early dry",0,0,"Open",2.3090706003885
"1155","January_3","Early dry",0,0,"Open",5.65486677646163
"1156","January_3","Early dry",0,0,"Open",103.688265531731
"1157","January_3","Early dry",0,0,"Open",16.611171155856
"1158","January_3","Early dry",0,0,"Open",0.439822971502571
"1159","January_3","Early dry",0,0,"Open",14.152874904422
"1160","January_3","Early dry",0,0,"Open",1.17809724509617
"1161","January_3","Early dry",0,0,"Open",2.35619449019234
"1162","January_3","Early dry",0,0,"Open",378.02784400646
"1163","January_3","Early dry",0,0,"Open",45.9929164485546
"1164","January_3","Early dry",0,0,"Open",117.927534234127
"1165","January_3","Early dry",0,0,"Open",19.8705735339554
"1166","January_3","Early dry",0,0,"Open",4.31968989868597
"1167","January_3","Early dry",0,0,"Open",2.82743338823081
"1168","January_3","Early dry",0,0,"Open",3.53429173528852
"1169","January_3","Early dry",0,0,"Open",20.4203522483337
"1170","January_3","Early dry",0,0,"Open",176.533945186844
"1171","January_3","Early dry",0,0,"Open",13.854423602331
"1172","January_3","Early dry",0,0,"Open",40.7228947721577
"1173","January_3","Early dry",0,0,"Open",1.06028752058656
"1174","January_3","Early dry",0,0,"Open",64.1670299495715
"1175","January_3","Early dry",0,0,"Open",54.7265440255342
"1176","January_3","Early dry",0,0,"Open",334.579617607313
"1177","January_3","Early dry",0,0,"Open",283.646546710988
"1178","January_3","Early dry",0,0,"Open",10.6028752058656
"1179","January_3","Early dry",0,0,"Open",2.2462387473167
"1180","January_3","Early dry",0,0,"Open",10.0216805649514
"1181","January_3","Early dry",0,0,"Open",152.382951662373
"1182","January_3","Early dry",0,0,"Open",41.2176956150981
"1183","January_3","Early dry",0,0,"Open",18.3076311887945
"1184","January_3","Early dry",0,0,"Open",112.060609953548
"1185","January_3","Early dry",0,0,"Open",0.706858347057703
"1186","January_3","Early dry",0,0,"Open",61.3395965613407
"1187","January_3","Early dry",0,0,"Open",125.459502621108
"1188","January_3","Early dry",0,0,"Open",19.9098434421253
"1189","January_3","Early dry",0,0,"Open",609.076275714721
"1190","January_3","Early dry",0,0,"Open",4.64955712731289
"1191","January_3","Early dry",0,0,"Open",418.61722109084
"1192","January_3","Early dry",0,0,"Open",17.530087007031
"1193","January_3","Early dry",0,0,"Open",425.43447714913
"1194","January_3","Early dry",0,0,"Open",39.387717894382
"1195","January_3","Early dry",0,0,"Open",41.7203504396725
"1196","January_3","Early dry",0,0,"Open",62.470569916633
"1197","January_3","Early dry",0,0,"Open",4.94800842940392
"1198","January_3","Early dry",0,0,"Open",3.95840674352314
"1199","January_3","Early dry",0,0,"Open",18.3783170235003
"1200","January_3","Early dry",0,0,"Open",3.0159289474462
"1201","January_3","Early dry",0,0,"Open",40.6050850476481
"1202","January_3","Early dry",0,0,"Open",435.895980685584
"1203","January_4","Early dry",0,0,"Open",1.09955742875643
"1204","January_4","Early dry",0,0,"Open",129.009502319665
"1205","January_4","Early dry",0,0,"Open",39.8196868842506
"1206","January_4","Early dry",0,0,"Open",20.2946885421901
"1207","January_4","Early dry",0,0,"Open",0.274889357189107
"1208","January_4","Early dry",0,0,"Open",2.6782077371853
"1209","January_4","Early dry",0,0,"Open",3.0159289474462
"1210","January_4","Early dry",0,0,"Open",0.235619449019234
"1211","January_4","Early dry",0,0,"Open",2.80387144332889
"1212","January_4","Early dry",0,0,"Open",1.38230076757951
"1213","January_4","Early dry",0,0,"Open",0.235619449019234
"1214","January_4","Early dry",0,0,"Open",0.628318530717959
"1215","January_4","Early dry",0,0,"Open",9.33053018116169
"1216","January_4","Early dry",0,0,"Open",0.196349540849362
"1217","January_4","Early dry",0,0,"Open",2.12057504117311
"1218","January_4","Early dry",0,0,"Open",20.011945203367
"1219","January_4","Early dry",0,0,"Open",3.61283155162826
"1220","January_4","Early dry",0,0,"Open",0.0471238898038469
"1221","January_4","Early dry",0,0,"Open",84.8779795183622
"1222","January_4","Early dry",0,0,"Open",383.753396617627
"1223","January_4","Early dry",0,0,"Open",18.3154851704285
"1224","January_4","Early dry",0,0,"Open",28.4785374047915
"1225","January_4","Early dry",0,0,"Open",7.06858347057703
"1226","January_4","Early dry",0,0,"Open",3.078760800518
"1227","January_4","Early dry",0,0,"Open",1.5707963267949
"1228","January_4","Early dry",0,0,"Open",230.859936149046
"1229","January_4","Early dry",0,0,"Open",4.17831822927442
"1230","January_4","Early dry",0,0,"Open",12.3700210735098
"1231","January_4","Early dry",0,0,"Open",565.58092542577
"1232","January_4","Early dry",0,0,"Open",143.130961297551
"1233","January_4","Early dry",0,0,"Open",22.2424759874157
"1234","January_4","Early dry",0,0,"Open",32.8453511932813
"1235","January_4","Early dry",0,0,"Open",1.98705735339554
"1236","January_4","Early dry",0,0,"Open",94.499107019981
"1237","January_4","Early dry",0,0,"Open",44.312164378884
"1238","January_4","Early dry",0,0,"Open",0.903207887907065
"1239","January_4","Early dry",0,0,"Open",10.8149327099829
"1240","January_4","Early dry",0,0,"Open",6.92721180116549
"1241","January_4","Early dry",1,1,"Open",6.94291976443344
"1242","January_4","Early dry",0,0,"Open",10.9327424344925
"1243","January_4","Early dry",0,0,"Open",3.28296432300133
"1244","January_4","Early dry",0,0,"Open",148.550208624993
"1245","January_4","Early dry",0,0,"Open",50.46968597992
"1246","January_4","Early dry",0,0,"Open",8.67079572390783
"1247","January_4","Early dry",0,0,"Open",2.68606171881927
"1248","January_4","Early dry",0,0,"Open",2.35619449019234
"1249","January_4","Early dry",0,0,"Open",0.314159265358979
"1250","January_4","Early dry",0,0,"Open",222.17343246187
"1251","January_4","Early dry",0,0,"Open",0.196349540849362
"1252","January_4","Early dry",0,0,"Open",216.298654199657
"1253","January_4","Early dry",0,0,"Open",0.125663706143592
"1254","January_4","Early dry",0,0,"Open",60.648446177551
"1255","January_4","Early dry",0,0,"Open",9.0163709158027
"1256","January_4","Early dry",0,0,"Open",112.720344410802
"1257","January_4","Early dry",0,0,"Open",26.3422544003504
"1258","January_4","Early dry",0,0,"Open",0.353429173528852
"1259","January_4","Early dry",0,0,"Open",23.4991130488517
"1260","January_4","Early dry",0,0,"Open",0.219911485751285
"1261","January_4","Early dry",0,0,"Open",2.82743338823081
"1262","January_4","Early dry",0,0,"Open",152.053084433746
"1263","January_4","Early dry",0,0,"Open",18.8024320317349
"1264","January_4","Early dry",0,0,"Open",0.188495559215388
"1265","January_4","Early dry",0,0,"Open",33.3637139811236
"1266","January_4","Early dry",0,0,"Open",13.1946891450771
"1267","January_4","Early dry",0,0,"Open",0.816814089933346
"1268","January_4","Early dry",0,0,"Open",72.1309673264216
"1269","January_4","Early dry",0,0,"Open",0.0314159265358979
"1270","January_4","Early dry",0,0,"Open",0.15707963267949
"1271","January_4","Early dry",0,0,"Open",0.0942477796076938
"1272","January_4","Early dry",0,0,"Open",192.956620783485
"1273","January_4","Early dry",0,0,"Open",6.41670299495715
"1274","January_4","Early dry",0,0,"Open",26.4050862534222
"1275","January_4","Early dry",0,0,"Open",1.36659280431156
"1276","January_4","Early dry",0,0,"Open",660.39419171111
"1277","January_4","Early dry",0,0,"Open",37.1650410919673
"1278","January_4","Early dry",1,3,"Open",477.286463896629
"1279","January_4","Early dry",0,0,"Open",241.015134401775
"1280","January_4","Early dry",0,0,"Open",85.1528688755513
"1281","January_4","Early dry",0,0,"Open",1.17809724509617
"1282","January_4","Early dry",0,0,"Open",23.3263254529042
"1283","January_4","Early dry",0,0,"Open",1.20951317163207
"1284","January_4","Early dry",0,0,"Open",0.0471238898038469
"1285","January_4","Early dry",0,0,"Open",65.8006581294382
"1286","January_4","Early dry",0,0,"Open",11.8752202305694
"1287","January_4","Early dry",0,0,"Open",19.2972328746753
"1288","January_4","Early dry",0,0,"Open",0.471238898038469
"1289","January_4","Early dry",0,0,"Open",0.61261056745001
"1290","January_4","Early dry",0,0,"Open",1.49225651045515
"1291","January_4","Early dry",0,0,"Open",0.518362787842316
"1292","January_4","Early dry",0,0,"Open",0.15707963267949
"1293","January_4","Early dry",0,0,"Open",0.188495559215388
"1294","January_4","Early dry",0,0,"Open",0.691150383789755
"1295","January_4","Early dry",0,0,"Open",0.0706858347057703
"1296","January_4","Early dry",0,0,"Open",0.0628318530717959
"1297","January_4","Early dry",0,0,"Open",0.015707963267949
"1298","January_4","Early dry",0,0,"Open",1.72787595947439
"1299","January_4","Early dry",0,0,"Open",11.3097335529233
"1300","January_4","Early dry",0,0,"Open",57.1769862953342
"1301","January_4","Early dry",0,0,"Open",553.093094627751
"1302","January_4","Early dry",0,0,"Open",9.848892969004
"1303","January_4","Early dry",0,0,"Open",10.775662801813
"1304","January_4","Early dry",0,0,"Open",1.31946891450771
"1305","January_4","Early dry",0,0,"Open",18.2369453540887
"1306","January_4","Early dry",0,0,"Open",1.76714586764426
"1307","January_4","Early dry",0,0,"Open",0.353429173528852
"1308","January_4","Early dry",0,0,"Open",0.0471238898038469
"1309","January_4","Early dry",0,0,"Open",25.4469004940773
"1310","January_4","Early dry",0,0,"Open",0.604756585816035
"1311","January_4","Early dry",0,0,"Open",22.760838775258
"1312","January_4","Early dry",0,0,"Open",3.0159289474462
"1313","January_4","Early dry",0,0,"Open",13.3203528512207
"1314","January_4","Early dry",0,0,"Open",2.74889357189107
"1315","January_4","Early dry",0,0,"Open",4.47676953136545
"1316","January_4","Early dry",0,0,"Open",0.188495559215388
"1317","January_4","Early dry",0,0,"Open",7.65763209312512
"1318","January_4","Early dry",0,0,"Open",0.659734457253857
"1319","January_4","Early dry",0,0,"Open",137.562488319063
"1320","January_4","Early dry",0,0,"Open",89.5982224803809
"1321","January_4","Early dry",0,0,"Open",3.14159265358979
"1322","January_4","Early dry",0,0,"Open",6.59734457253857
"1323","January_4","Early dry",0,0,"Open",6.57378262763664
"1324","January_4","Early dry",0,0,"Open",0.0942477796076938
"1325","January_4","Early dry",0,0,"Open",0.691150383789755
"1326","January_4","Early dry",0,0,"Open",2.82743338823081
"1327","January_4","Early dry",0,0,"Open",79.7964534011807
"1328","January_4","Early dry",0,0,"Open",31.7457937645249
"1329","January_4","Early dry",0,0,"Open",26.1144889329652
"1330","January_4","Early dry",0,0,"Open",1.41371669411541
"1331","January_4","Early dry",0,0,"Open",9.18915851175015
"1332","January_4","Early dry",0,0,"Open",0.989601685880785
"1333","January_4","Early dry",0,0,"Open",0.824668071567321
"1334","January_4","Early dry",0,0,"Open",3.40862802914493
"1335","January_4","Early dry",0,0,"Open",23.6247767549952
"1336","January_5","Early dry",0,0,"Closed",3.8484510006475
"1337","January_5","Early dry",0,0,"Closed",14.6319677840945
"1338","January_5","Early dry",0,0,"Closed",0.0628318530717959
"1339","January_5","Early dry",0,0,"Closed",28.627763055837
"1340","January_5","Early dry",0,0,"Closed",1.31946891450771
"1341","January_5","Early dry",0,0,"Closed",3.0159289474462
"1342","January_5","Early dry",0,0,"Closed",0.0628318530717959
"1343","January_5","Early dry",0,0,"Closed",0.494800842940392
"1344","January_5","Early dry",0,0,"Closed",1.41371669411541
"1345","January_5","Early dry",0,0,"Closed",0.628318530717959
"1346","January_5","Early dry",0,0,"Closed",9.66039740978861
"1347","January_5","Early dry",0,0,"Closed",0.510508806208341
"1348","January_5","Early dry",0,0,"Closed",5.27787565803085
"1349","January_5","Early dry",0,0,"Closed",0.0942477796076938
"1350","January_5","Early dry",0,0,"Closed",1.12311937365835
"1351","January_5","Early dry",0,0,"Closed",0.0942477796076938
"1352","January_5","Early dry",0,0,"Closed",0.0942477796076938
"1353","January_5","Early dry",0,0,"Closed",0.659734457253856
"1354","January_5","Early dry",0,0,"Closed",1.25663706143592
"1355","January_5","Early dry",0,0,"Closed",1.31946891450771
"1356","January_5","Early dry",0,0,"Closed",12.8334059899143
"1357","January_5","Early dry",0,0,"Closed",9.58185759344887
"1358","January_5","Early dry",0,0,"Closed",8.95353906273091
"1359","January_5","Early dry",0,0,"Closed",2.9845130209103
"1360","January_5","Early dry",0,0,"Closed",0.196349540849362
"1361","January_5","Early dry",0,0,"Closed",3.76991118430775
"1362","January_5","Early dry",0,0,"Closed",0.117809724509617
"1363","January_5","Early dry",0,0,"Closed",0.565486677646163
"1364","January_5","Early dry",0,0,"Closed",20.616701789183
"1365","January_5","Early dry",0,0,"Closed",28.627763055837
"1366","January_5","Early dry",0,0,"Closed",0.824668071567321
"1367","January_5","Early dry",0,0,"Closed",41.256965523268
"1368","January_5","Early dry",0,0,"Closed",0.0942477796076938
"1369","January_5","Early dry",0,0,"Closed",34.5575191894877
"1370","January_5","Early dry",0,0,"Closed",1.13097335529233
"1371","January_5","Early dry",0,0,"Closed",1.73572994110836
"1372","January_5","Early dry",0,0,"Closed",9.50331777710912
"1373","January_5","Early dry",0,0,"Closed",20.2082947442163
"1374","January_5","Early dry",0,0,"Closed",0.502654824574367
"1375","January_5","Early dry",0,0,"Closed",0.392699081698724
"1376","January_5","Early dry",0,0,"Closed",16.2577419823272
"1377","January_5","Early dry",0,0,"Closed",4.5553093477052
"1378","January_5","Early dry",0,0,"Closed",3.1101767270539
"1379","January_5","Early dry",0,0,"Closed",0.424115008234622
"1380","January_5","Early dry",0,0,"Closed",4.90873852123405
"1381","January_5","Early dry",0,0,"Closed",3.65210145979813
"1382","January_5","Early dry",0,0,"Closed",0.848230016469244
"1383","January_5","Early dry",0,0,"Closed",0.235619449019234
"1384","January_5","Early dry",0,0,"Closed",0.746128255227576
"1385","January_5","Early dry",0,0,"Closed",113.175875345572
"1386","January_5","Early dry",0,0,"Closed",0.0942477796076938
"1387","January_5","Early dry",0,0,"Closed",10.2494460323367
"1388","January_5","Early dry",0,0,"Closed",122.270786077715
"1389","January_5","Early dry",0,0,"Closed",2.63893782901543
"1390","January_5","Early dry",0,0,"Closed",66.5624943479337
"1391","January_5","Early dry",0,0,"Closed",0.777544181763474
"1392","January_5","Early dry",0,0,"Closed",0.219911485751285
"1393","January_5","Early dry",0,0,"Closed",1.12311937365835
"1394","January_5","Early dry",0,0,"Closed",1.97920337176157
"1395","January_5","Early dry",0,0,"Closed",3.89557489045134
"1396","January_5","Early dry",0,0,"Closed",5.77267650097125
"1397","January_5","Early dry",0,0,"Closed",23.3734493427081
"1398","January_5","Early dry",0,0,"Closed",1.64933614313464
"1399","January_5","Early dry",0,0,"Closed",0.196349540849362
"1400","January_5","Early dry",0,0,"Closed",5.93761011528471
"1401","January_5","Early dry",0,0,"Closed",1.72787595947439
"1402","January_5","Early dry",0,0,"Closed",5.01084028247572
"1403","January_5","Early dry",0,0,"Closed",21.2528743015349
"1404","January_5","Early dry",0,0,"Closed",2.13628300444106
"1405","January_5","Early dry",0,0,"Closed",1.53152641862502
"1406","January_5","Early dry",0,0,"Closed",6.28318530717959
"1407","January_5","Early dry",0,0,"Closed",28.627763055837
"1408","January_5","Early dry",0,0,"Closed",0.0942477796076938
"1409","January_5","Early dry",0,0,"Closed",0.00785398163397448
"1410","January_5","Early dry",0,0,"Closed",0.91106186954104
"1411","January_5","Early dry",0,0,"Closed",11.4353972590668
"1412","January_5","Early dry",0,0,"Closed",0.863937979737193
"1413","January_5","Early dry",0,0,"Closed",0.314159265358979
"1414","January_5","Early dry",0,0,"Closed",0.0314159265358979
"1415","January_5","Early dry",0,0,"Closed",4.09977841293468
"1416","January_5","Early dry",0,0,"Closed",11.7417025427919
"1417","January_5","Early dry",0,0,"Closed",0.565486677646163
"1418","January_5","Early dry",0,0,"Closed",0.0471238898038469
"1419","January_5","Early dry",0,0,"Closed",6.10254372959817
"1420","January_5","Early dry",0,0,"Closed",0.0628318530717959
"1421","January_5","Early dry",0,0,"Closed",0.0392699081698724
"1422","January_5","Early dry",0,0,"Closed",1.22522113490002
"1423","January_5","Early dry",0,0,"Closed",0.0235619449019234
"1424","January_5","Early dry",0,0,"Closed",0.15707963267949
"1425","January_5","Early dry",0,0,"Closed",4.618141200777
"1426","January_5","Early dry",0,0,"Closed",4.24115008234622
"1427","January_5","Early dry",0,0,"Closed",1.34303085940964
"1428","January_5","Early dry",0,0,"Closed",5.60774288665778
"1429","January_5","Early dry",0,0,"Closed",0.863937979737193
"1430","January_5","Early dry",0,0,"Closed",135.371227443184
"1431","January_5","Early dry",0,0,"Closed",2.16769893097696
"1432","January_5","Early dry",0,0,"Closed",4.94800842940392
"1433","January_5","Early dry",0,0,"Closed",1.29590696960579
"1434","January_5","Early dry",0,0,"Closed",0.0471238898038469
"1435","January_5","Early dry",0,0,"Closed",69.4920294974062
"1436","January_5","Early dry",0,0,"Closed",0.989601685880785
"1437","January_5","Early dry",0,0,"Closed",3.95840674352314
"1438","January_5","Early dry",0,0,"Closed",0.518362787842316
"1439","January_5","Early dry",0,0,"Closed",2.35619449019234
"1440","January_5","Early dry",0,0,"Closed",0.164933614313464
"1441","January_5","Early dry",0,0,"Closed",3.26725635973339
"1442","January_5","Early dry",0,0,"Closed",4.09977841293468
"1443","January_5","Early dry",0,0,"Closed",0.502654824574367
"1444","January_5","Early dry",0,0,"Closed",3.36935812097505
"1445","January_5","Early dry",0,0,"Closed",169.072662634569
"1446","January_5","Early dry",0,0,"Closed",5.96117206018663
"1447","January_5","Early dry",0,0,"Closed",14.6319677840945
"1448","January_5","Early dry",0,0,"Closed",0.879645943005142
"1449","January_5","Early dry",0,0,"Closed",0.353429173528852
"1450","January_5","Early dry",0,0,"Closed",0.706858347057703
"1451","January_5","Early dry",0,0,"Closed",1.86924762888593
"1452","January_5","Early dry",0,0,"Closed",2.12057504117311
"1453","January_5","Early dry",0,0,"Closed",0.75398223686155
"1454","January_5","Early dry",0,0,"Closed",0.0706858347057703
"1455","January_5","Early dry",0,0,"Closed",0.15707963267949
"1456","January_5","Early dry",0,0,"Closed",0.691150383789755
"1457","January_5","Early dry",0,0,"Closed",2.45044226980004
"1458","January_5","Early dry",0,0,"Closed",1.13097335529233
"1459","January_5","Early dry",0,0,"Closed",1.08384946548848
"1460","January_5","Early dry",0,0,"Closed",0.471238898038469
"1461","January_5","Early dry",0,0,"Closed",0.816814089933346
"1462","January_5","Early dry",0,0,"Closed",0.785398163397448
"1463","January_5","Early dry",0,0,"Closed",12.299335238804
"1464","January_5","Early dry",0,0,"Closed",5.18362787842316
"1465","January_5","Early dry",0,0,"Closed",35.1308598487679
"1466","January_5","Early dry",0,0,"Closed",7.40630468083794
"1467","January_5","Early dry",0,0,"Closed",43.0084034276443
"1468","January_5","Early dry",0,0,"Closed",358.707049186883
"1469","January_5","Early dry",0,0,"Closed",110.16780037976
"1470","January_5","Early dry",0,0,"Closed",3.58141562509236
"1471","January_5","Early dry",0,0,"Closed",8.52157007286231
"1472","January_5","Early dry",1,1,"Closed",35.9869438468711
"1473","January_5","Early dry",0,0,"Closed",23.8446882407465
"1474","January_5","Early dry",0,0,"Closed",8.95353906273091
"1475","January_5","Early dry",0,0,"Closed",18.6924762888593
"1476","January_5","Early dry",0,0,"Closed",8.71791961371168
"1477","January_5","Early dry",0,0,"Closed",6.37743308678728
"1478","January_5","Early dry",0,0,"Closed",13.4303085940964
"1479","January_6","Early dry",0,0,"Closed",144.717465587614
"1480","January_6","Early dry",0,0,"Closed",13.1475652552733
"1481","January_6","Early dry",0,0,"Closed",4.38252175175776
"1482","January_6","Early dry",0,0,"Closed",0.659734457253856
"1483","January_6","Early dry",0,0,"Closed",21.1115026321234
"1484","January_6","Early dry",0,0,"Closed",0.706858347057703
"1485","January_6","Early dry",0,0,"Closed",0.565486677646163
"1486","January_6","Early dry",0,0,"Closed",0.942477796076938
"1487","January_6","Early dry",0,0,"Closed",3.51858377202057
"1488","January_6","Early dry",0,0,"Closed",7.47699051554371
"1489","January_6","Early dry",0,0,"Closed",5.18362787842316
"1490","January_6","Early dry",0,0,"Closed",0.188495559215388
"1491","January_6","Early dry",0,0,"Closed",0.314159265358979
"1492","January_6","Early dry",0,0,"Closed",17.3730073743516
"1493","January_6","Early dry",0,0,"Closed",1.42942465738336
"1494","January_6","Early dry",0,0,"Closed",6.87223392972767
"1495","January_6","Early dry",0,0,"Closed",13.846569620697
"1496","January_6","Early dry",0,0,"Closed",0.329867228626928
"1497","January_6","Early dry",0,0,"Closed",2.45044226980004
"1498","January_6","Early dry",0,0,"Closed",8.88285322802514
"1499","January_6","Early dry",0,0,"Closed",3.29867228626928
"1500","January_6","Early dry",0,0,"Closed",2.90597320457056
"1501","January_6","Early dry",0,0,"Closed",3.29867228626928
"1502","January_6","Early dry",0,0,"Closed",2.63893782901543
"1503","January_6","Early dry",0,0,"Closed",2.35619449019234
"1504","January_6","Early dry",0,0,"Closed",3.33794219443916
"1505","January_6","Early dry",0,0,"Closed",4.618141200777
"1506","January_6","Early dry",0,0,"Closed",5.27787565803085
"1507","January_6","Early dry",0,0,"Closed",21.1664805035612
"1508","January_6","Early dry",0,0,"Closed",0.251327412287183
"1509","January_6","Early dry",0,0,"Closed",8.309512568745
"1510","January_6","Early dry",0,0,"Closed",0.0471238898038469
"1511","January_6","Early dry",0,0,"Closed",0.824668071567321
"1512","January_6","Early dry",0,0,"Closed",0.196349540849362
"1513","January_6","Early dry",0,0,"Closed",55.4648182991278
"1514","January_6","Early dry",0,0,"Closed",0.989601685880785
"1515","January_6","Early dry",0,0,"Closed",0.0628318530717959
"1516","January_6","Early dry",0,0,"Closed",3.79347312920968
"1517","January_6","Early dry",0,0,"Closed",4.27256600888212
